image_id,image_source,true_coordinate,sharing_intent
yfcc-1008954785,Flickr-yfcc_openai_train,"[36.996293, -121.985176]",0
yfcc-103950806,Flickr-yfcc_openai_train,"[-3.194561, 35.457344]",0
yfcc-1097920068,Flickr-yfcc_openai_train,"[37.587342, -122.364521]",0
yfcc-11014929335,Flickr-yfcc_openai_train,"[53.011961, -2.226409]",0
yfcc-118823655,Flickr-yfcc_openai_train,"[60.411818, 22.130584]",0
yfcc-1312551435,Flickr-yfcc_openai_train,"[39.846898, -75.712151]",0
yfcc-13363473424,Flickr-yfcc_openai_train,"[53.432037, -1.344687]",0
yfcc-14006146813,Flickr-yfcc_openai_train,"[19.422144, -155.91095]",0
yfcc-143845164,Flickr-yfcc_openai_train,"[18.908235, 72.814979]",0
yfcc-1558451712,Flickr-yfcc_openai_train,"[43.467956, 11.041388]",0
yfcc-1577153572,Flickr-yfcc_openai_train,"[6.923018, 0.453186]",0
yfcc-161142762,Flickr-yfcc_openai_train,"[40.760211, -111.885387]",0
yfcc-172416130,Flickr-yfcc_openai_train,"[40.768849, -73.972781]",0
yfcc-197392620,Flickr-yfcc_openai_train,"[32.92578, -85.851374]",0
yfcc-22380690,Flickr-yfcc_openai_train,"[40.941527, -90.371475]",0
yfcc-2475752216,Flickr-yfcc_openai_train,"[37.886701, -122.314047]",0
yfcc-252360535,Flickr-yfcc_openai_train,"[43.61669, -80.141143]",0
yfcc-259397758,Flickr-yfcc_openai_train,"[33.833919, -115.864562]",0
yfcc-2711089183,Flickr-yfcc_openai_train,"[48.940901, 8.410135]",0
yfcc-280847097,Flickr-yfcc_openai_train,"[52.192666, -0.826807]",0
yfcc-283181248,Flickr-yfcc_openai_train,"[48.894123, 2.343263]",0
yfcc-2833592610,Flickr-yfcc_openai_train,"[41.299218, -3.7502]",0
yfcc-2849499767,Flickr-yfcc_openai_train,"[37.871049, -122.252737]",0
yfcc-3019462916,Flickr-yfcc_openai_train,"[40.711135, -74.014709]",0
yfcc-3031378811,Flickr-yfcc_openai_train,"[-21.244212, 55.590713]",0
yfcc-3145002891,Flickr-yfcc_openai_train,"[-25.69939, -54.446198]",0
yfcc-315960562,Flickr-yfcc_openai_train,"[48.857444, 2.294147]",0
yfcc-3177222884,Flickr-yfcc_openai_train,"[8.75454, -82.425613]",0
yfcc-3257494210,Flickr-yfcc_openai_train,"[18.318703, -65.77123]",0
yfcc-3294321018,Flickr-yfcc_openai_train,"[35.685572, -121.169065]",0
yfcc-334737420,Flickr-yfcc_openai_train,"[49.475876, 34.380257]",0
yfcc-3448603463,Flickr-yfcc_openai_train,"[40.041587, -83.028402]",0
yfcc-3571186935,Flickr-yfcc_openai_train,"[37.447656, 116.296119]",0
yfcc-387054458,Flickr-yfcc_openai_train,"[52.094095, 5.118523]",0
yfcc-3903204544,Flickr-yfcc_openai_train,"[-8.780407, 115.225532]",0
yfcc-3958848656,Flickr-yfcc_openai_train,"[12.381893, -1.5696189999999999]",0
yfcc-3980869829,Flickr-yfcc_openai_train,"[38.908333, -76.947984]",0
yfcc-4020824225,Flickr-yfcc_openai_train,"[68.081179, -152.932434]",0
yfcc-4056891461,Flickr-yfcc_openai_train,"[37.790251, -122.44812]",0
yfcc-4077461130,Flickr-yfcc_openai_train,"[31.620263, -7.985139]",0
yfcc-409125877,Flickr-yfcc_openai_train,"[57.12938, -2.165122]",0
yfcc-4182683298,Flickr-yfcc_openai_train,"[43.140966, 5.847472]",0
yfcc-420008280,Flickr-yfcc_openai_train,"[36.164028, -86.778548]",0
yfcc-4359210139,Flickr-yfcc_openai_train,"[52.365193, 4.904446]",0
yfcc-4439967620,Flickr-yfcc_openai_train,"[39.946735, 116.356201]",0
yfcc-4666255819,Flickr-yfcc_openai_train,"[52.709519, 1.580142]",0
yfcc-4701454356,Flickr-yfcc_openai_train,"[37.785232, -122.402865]",0
yfcc-478731834,Flickr-yfcc_openai_train,"[44.493413, 11.342825]",0
yfcc-5023753064,Flickr-yfcc_openai_train,"[39.162543, -94.393672]",0
yfcc-5348195379,Flickr-yfcc_openai_train,"[41.062786, 29.039611]",0
yfcc-5582128470,Flickr-yfcc_openai_train,"[43.460769, -3.808307]",0
yfcc-561532373,Flickr-yfcc_openai_train,"[42.367383, -71.07003]",0
yfcc-5706920699,Flickr-yfcc_openai_train,"[50.58939, 4.544738]",0
yfcc-5800801840,Flickr-yfcc_openai_train,"[52.580405999999996, 1.292095]",0
yfcc-5847214587,Flickr-yfcc_openai_train,"[39.71388, -82.602725]",0
yfcc-599683583,Flickr-yfcc_openai_train,"[37.562813, 127.001609]",0
yfcc-6296560201,Flickr-yfcc_openai_train,"[43.128535, 6.013351]",0
yfcc-6773483160,Flickr-yfcc_openai_train,"[38.889337, -77.034276]",0
yfcc-6863126221,Flickr-yfcc_openai_train,"[53.628849, -2.729922]",0
yfcc-6925234617,Flickr-yfcc_openai_train,"[30.04495, 31.238808]",0
yfcc-7027212521,Flickr-yfcc_openai_train,"[34.723388, 137.047988]",0
yfcc-732340852,Flickr-yfcc_openai_train,"[37.815615, -122.365593]",0
yfcc-7404450384,Flickr-yfcc_openai_train,"[-33.11, 19.812]",0
yfcc-7543089492,Flickr-yfcc_openai_train,"[27.188074, 77.989883]",0
yfcc-7650921778,Flickr-yfcc_openai_train,"[51.535458, -0.130484]",0
yfcc-7652801324,Flickr-yfcc_openai_train,"[54.49138, -3.232555]",0
yfcc-813024888,Flickr-yfcc_openai_train,"[52.478199, -1.894712]",0
yfcc-8163759207,Flickr-yfcc_openai_train,"[41.018211, 29.1009]",0
yfcc-8166649709,Flickr-yfcc_openai_train,"[20.669639, -156.053237]",0
yfcc-8214858512,Flickr-yfcc_openai_train,"[53.075761, 6.456398]",0
yfcc-8216324990,Flickr-yfcc_openai_train,"[1.2092209999999999, 103.757972]",0
yfcc-8262494770,Flickr-yfcc_openai_train,"[40.768499, -73.975001]",0
yfcc-8275994864,Flickr-yfcc_openai_train,"[53.476279, -2.253036]",0
yfcc-8306613715,Flickr-yfcc_openai_train,"[38.921806, -77.036154]",0
yfcc-8322547789,Flickr-yfcc_openai_train,"[51.473712, -0.078605]",0
yfcc-9546093889,Flickr-yfcc_openai_train,"[52.362157, -6.704192]",0
yfcc-10014760015,Flickr-yfcc_openai_train,"[37.767042000000004, -122.402799]",-1
yfcc-10024526336,Flickr-yfcc_openai_train,"[40.745306, -111.858689]",-1
yfcc-10170629486,Flickr-yfcc_openai_train,"[38.907063, -77.067373]",-1
yfcc-10243975684,Flickr-yfcc_openai_train,"[53.615902, -2.155015]",-1
yfcc-10582054416,Flickr-yfcc_openai_train,"[37.542161, -77.435685]",-1
yfcc-10594856076,Flickr-yfcc_openai_train,"[33.456672, -111.94522]",-1
yfcc-1087662996,Flickr-yfcc_openai_train,"[17.485028, -92.047405]",-1
yfcc-11167306953,Flickr-yfcc_openai_train,"[40.756577, -73.986256]",-1
yfcc-11178409936,Flickr-yfcc_openai_train,"[50.446186, 30.521263]",-1
yfcc-11268467633,Flickr-yfcc_openai_train,"[50.93, 0.8135]",-1
yfcc-1139613029,Flickr-yfcc_openai_train,"[59.332757, 18.069859]",-1
yfcc-11592359494,Flickr-yfcc_openai_train,"[40.24193, -121.141834]",-1
yfcc-1167228215,Flickr-yfcc_openai_train,"[5.173011, -58.848266]",-1
yfcc-11953673806,Flickr-yfcc_openai_train,"[-43.529675, 172.63861]",-1
yfcc-120268767,Flickr-yfcc_openai_train,"[51.75849, -1.264114]",-1
yfcc-1215796721,Flickr-yfcc_openai_train,"[26.320959, 73.048267]",-1
yfcc-1224189426,Flickr-yfcc_openai_train,"[50.717696, -1.8631479999999998]",-1
yfcc-1233932992,Flickr-yfcc_openai_train,"[43.649099, -79.372261]",-1
yfcc-12397400183,Flickr-yfcc_openai_train,"[41.295541, -89.028484]",-1
yfcc-1240813678,Flickr-yfcc_openai_train,"[1.459414, 103.76550399999999]",-1
yfcc-1271794604,Flickr-yfcc_openai_train,"[-33.4441, -70.651777]",-1
yfcc-129841428,Flickr-yfcc_openai_train,"[39.955082, -75.158329]",-1
yfcc-1320922094,Flickr-yfcc_openai_train,"[47.747966, -3.3646700000000003]",-1
yfcc-132859657,Flickr-yfcc_openai_train,"[37.578813, 126.995468]",-1
yfcc-1386606787,Flickr-yfcc_openai_train,"[-33.906468, 18.419523]",-1
yfcc-138991280,Flickr-yfcc_openai_train,"[50.539562, -4.938182]",-1
yfcc-1434317105,Flickr-yfcc_openai_train,"[43.951007, 4.8061]",-1
yfcc-1471015976,Flickr-yfcc_openai_train,"[48.199506, 16.366195]",-1
yfcc-1475137162,Flickr-yfcc_openai_train,"[55.683681, 37.540669]",-1
yfcc-1495067921,Flickr-yfcc_openai_train,"[-15.000007, 47.262153]",-1
yfcc-1499652266,Flickr-yfcc_openai_train,"[19.435059, -99.131226]",-1
yfcc-155518243,Flickr-yfcc_openai_train,"[51.530452, -0.123467]",-1
yfcc-1557392107,Flickr-yfcc_openai_train,"[41.89243, 12.483977]",-1
yfcc-167259836,Flickr-yfcc_openai_train,"[23.716682, 90.392589]",-1
yfcc-17193436,Flickr-yfcc_openai_train,"[52.117, 4.286]",-1
yfcc-178966363,Flickr-yfcc_openai_train,"[52.380786, 4.90149]",-1
yfcc-182853909,Flickr-yfcc_openai_train,"[49.964472, 8.20713]",-1
yfcc-187055962,Flickr-yfcc_openai_train,"[47.651986, -122.356844]",-1
yfcc-1896392812,Flickr-yfcc_openai_train,"[37.806152, -122.454741]",-1
yfcc-190003873,Flickr-yfcc_openai_train,"[51.440313, -0.175781]",-1
yfcc-1910958552,Flickr-yfcc_openai_train,"[48.889509, 2.24562]",-1
yfcc-192529250,Flickr-yfcc_openai_train,"[50.404578, 3.771743]",-1
yfcc-1973617618,Flickr-yfcc_openai_train,"[53.955959, -1.080179]",-1
yfcc-199467330,Flickr-yfcc_openai_train,"[51.183432, -3.441467]",-1
yfcc-2020160682,Flickr-yfcc_openai_train,"[48.206371, 16.358642]",-1
yfcc-2042084815,Flickr-yfcc_openai_train,"[40.595657, -73.508008]",-1
yfcc-2063907099,Flickr-yfcc_openai_train,"[10.474724, -66.946456]",-1
yfcc-2070265595,Flickr-yfcc_openai_train,"[43.769335, 11.255997]",-1
yfcc-207443884,Flickr-yfcc_openai_train,"[39.931985, 116.398429]",-1
yfcc-2138372551,Flickr-yfcc_openai_train,"[52.519067, 13.399082]",-1
yfcc-2153205662,Flickr-yfcc_openai_train,"[38.895892, -77.039898]",-1
yfcc-2157868066,Flickr-yfcc_openai_train,"[18.888096, 98.944931]",-1
yfcc-2166577970,Flickr-yfcc_openai_train,"[51.509169, -0.109348]",-1
yfcc-2175256050,Flickr-yfcc_openai_train,"[43.372852, -72.338424]",-1
yfcc-2175437481,Flickr-yfcc_openai_train,"[52.372743, 4.892349]",-1
yfcc-218049846,Flickr-yfcc_openai_train,"[47.610097, -122.342934]",-1
yfcc-219574771,Flickr-yfcc_openai_train,"[37.787988, -122.407516]",-1
yfcc-222148332,Flickr-yfcc_openai_train,"[47.516389, 19.080591]",-1
yfcc-223628221,Flickr-yfcc_openai_train,"[51.511733, -0.10643000000000001]",-1
yfcc-2250587484,Flickr-yfcc_openai_train,"[14.479259, 120.901247]",-1
yfcc-226095252,Flickr-yfcc_openai_train,"[51.918861, 4.489159]",-1
yfcc-2270685058,Flickr-yfcc_openai_train,"[22.255329, 113.906013]",-1
yfcc-2302850654,Flickr-yfcc_openai_train,"[50.837356, -1.114382]",-1
yfcc-2315275238,Flickr-yfcc_openai_train,"[50.723052, -3.528193]",-1
yfcc-2319106536,Flickr-yfcc_openai_train,"[48.862258, 2.292129]",-1
yfcc-2355241044,Flickr-yfcc_openai_train,"[40.598, -73.5025]",-1
yfcc-236575071,Flickr-yfcc_openai_train,"[44.935215, -93.167581]",-1
yfcc-2374990681,Flickr-yfcc_openai_train,"[39.595189, -121.551983]",-1
yfcc-2385616471,Flickr-yfcc_openai_train,"[41.688489, -73.891746]",-1
yfcc-2427449285,Flickr-yfcc_openai_train,"[30.258177, 120.138931]",-1
yfcc-2505675262,Flickr-yfcc_openai_train,"[40.853455, 14.250597]",-1
yfcc-2527465034,Flickr-yfcc_openai_train,"[47.927198, -123.018175]",-1
yfcc-2579012409,Flickr-yfcc_openai_train,"[38.912858, -77.045102]",-1
yfcc-2592621278,Flickr-yfcc_openai_train,"[35.672288, 139.734592]",-1
yfcc-2598061660,Flickr-yfcc_openai_train,"[55.845491, -4.424421]",-1
yfcc-2605753541,Flickr-yfcc_openai_train,"[50.08966, 14.412109]",-1
yfcc-2620626566,Flickr-yfcc_openai_train,"[43.665939, -79.380179]",-1
yfcc-2672387894,Flickr-yfcc_openai_train,"[40.756992, -73.982559]",-1
yfcc-2685630694,Flickr-yfcc_openai_train,"[38.888878, -77.026106]",-1
yfcc-2689360364,Flickr-yfcc_openai_train,"[45.139127, -123.289175]",-1
yfcc-2691494271,Flickr-yfcc_openai_train,"[-33.885666, 151.218166]",-1
yfcc-2736717795,Flickr-yfcc_openai_train,"[45.510226, -73.537201]",-1
yfcc-2761693779,Flickr-yfcc_openai_train,"[46.260127, 8.835829]",-1
yfcc-2762175007,Flickr-yfcc_openai_train,"[38.987254, -77.246059]",-1
yfcc-278059049,Flickr-yfcc_openai_train,"[40.069927, 140.236701]",-1
yfcc-2790764148,Flickr-yfcc_openai_train,"[51.517215, -0.081592]",-1
yfcc-284743606,Flickr-yfcc_openai_train,"[38.902054, -77.048862]",-1
yfcc-2889972566,Flickr-yfcc_openai_train,"[30.034956, 31.239709]",-1
yfcc-2895060837,Flickr-yfcc_openai_train,"[44.975074, -93.271896]",-1
yfcc-2901545630,Flickr-yfcc_openai_train,"[37.891653, -122.616004]",-1
yfcc-2908484353,Flickr-yfcc_openai_train,"[37.534238, 126.98352]",-1
yfcc-2909398461,Flickr-yfcc_openai_train,"[51.514422, -0.106227]",-1
yfcc-2954529438,Flickr-yfcc_openai_train,"[43.723353, 10.397078]",-1
yfcc-2957278000,Flickr-yfcc_openai_train,"[38.897809, -77.022871]",-1
yfcc-297192747,Flickr-yfcc_openai_train,"[-45.037019, 168.636875]",-1
yfcc-2977977824,Flickr-yfcc_openai_train,"[-37.6205, 146.459638]",-1
yfcc-2986268204,Flickr-yfcc_openai_train,"[51.50181, -0.17760499999999999]",-1
yfcc-2986463640,Flickr-yfcc_openai_train,"[51.524598, -0.08742899999999999]",-1
yfcc-2987352589,Flickr-yfcc_openai_train,"[35.046146, -90.023104]",-1
yfcc-3009746148,Flickr-yfcc_openai_train,"[41.871717, -87.619872]",-1
yfcc-3014182108,Flickr-yfcc_openai_train,"[42.331065, -83.046598]",-1
yfcc-305410325,Flickr-yfcc_openai_train,"[24.560107, -81.806291]",-1
yfcc-3067729276,Flickr-yfcc_openai_train,"[47.611223, -122.336776]",-1
yfcc-307166108,Flickr-yfcc_openai_train,"[55.911409, -3.223071]",-1
yfcc-3106027784,Flickr-yfcc_openai_train,"[49.263453, -123.137576]",-1
yfcc-3106038695,Flickr-yfcc_openai_train,"[51.509212, -0.15515299999999999]",-1
yfcc-3109247737,Flickr-yfcc_openai_train,"[40.703537, -74.016117]",-1
yfcc-3140904692,Flickr-yfcc_openai_train,"[32.051589, 118.779888]",-1
yfcc-3141232303,Flickr-yfcc_openai_train,"[48.864714, 2.296142]",-1
yfcc-3187101394,Flickr-yfcc_openai_train,"[37.942911, 27.289009]",-1
yfcc-3194135654,Flickr-yfcc_openai_train,"[11.62172, 76.590671]",-1
yfcc-3227947036,Flickr-yfcc_openai_train,"[18.929, 72.831534]",-1
yfcc-3230639432,Flickr-yfcc_openai_train,"[-30.24063, -70.73604]",-1
yfcc-3241776173,Flickr-yfcc_openai_train,"[30.26787, -97.747378]",-1
yfcc-3276193120,Flickr-yfcc_openai_train,"[-1.9551859999999999, 105.996093]",-1
yfcc-3286429823,Flickr-yfcc_openai_train,"[13.036589, 101.4925]",-1
yfcc-3289607460,Flickr-yfcc_openai_train,"[20.229905, -87.42259]",-1
yfcc-331928050,Flickr-yfcc_openai_train,"[36.756406, 139.599427]",-1
yfcc-33337329,Flickr-yfcc_openai_train,"[38.898915, -77.052354]",-1
yfcc-3357571272,Flickr-yfcc_openai_train,"[40.810443, -72.641344]",-1
yfcc-3367519850,Flickr-yfcc_openai_train,"[18.453679, -66.084136]",-1
yfcc-3461534897,Flickr-yfcc_openai_train,"[12.9885, 77.581329]",-1
yfcc-3469805597,Flickr-yfcc_openai_train,"[48.851291, 2.326888]",-1
yfcc-3480155072,Flickr-yfcc_openai_train,"[33.992627, -81.03154]",-1
yfcc-3493262591,Flickr-yfcc_openai_train,"[51.514159, -0.14158199999999999]",-1
yfcc-3511424366,Flickr-yfcc_openai_train,"[57.587429, -5.432739]",-1
yfcc-3567467199,Flickr-yfcc_openai_train,"[37.792151, -122.422714]",-1
yfcc-3578355376,Flickr-yfcc_openai_train,"[38.303152, -123.064837]",-1
yfcc-3595533215,Flickr-yfcc_openai_train,"[53.33841, -6.259267]",-1
yfcc-3604340060,Flickr-yfcc_openai_train,"[48.872788, 2.333469]",-1
yfcc-3623215891,Flickr-yfcc_openai_train,"[41.888157, -87.624742]",-1
yfcc-3625381914,Flickr-yfcc_openai_train,"[37.780159, -122.413445]",-1
yfcc-3631901823,Flickr-yfcc_openai_train,"[53.540932, -113.504776]",-1
yfcc-363725341,Flickr-yfcc_openai_train,"[47.606166, -122.33287]",-1
yfcc-3667871009,Flickr-yfcc_openai_train,"[32.366677, -110.726331]",-1
yfcc-3671032513,Flickr-yfcc_openai_train,"[-30.059344, -51.176376]",-1
yfcc-3672094201,Flickr-yfcc_openai_train,"[49.283153, -123.110655]",-1
yfcc-3743797747,Flickr-yfcc_openai_train,"[49.185889, -2.110233]",-1
yfcc-3775644661,Flickr-yfcc_openai_train,"[38.893466, -77.023084]",-1
yfcc-3793961408,Flickr-yfcc_openai_train,"[40.71455, -74.007118]",-1
yfcc-379422633,Flickr-yfcc_openai_train,"[39.918162, 116.394653]",-1
yfcc-385824563,Flickr-yfcc_openai_train,"[30.287865, -97.742271]",-1
yfcc-391062927,Flickr-yfcc_openai_train,"[31.785311, 35.218734]",-1
yfcc-3912934280,Flickr-yfcc_openai_train,"[48.858227, 2.337558]",-1
yfcc-3961389851,Flickr-yfcc_openai_train,"[37.81887, -122.47919]",-1
yfcc-3983138332,Flickr-yfcc_openai_train,"[-39.304267, 175.526177]",-1
yfcc-4003376180,Flickr-yfcc_openai_train,"[40.428833, -79.797123]",-1
yfcc-400760123,Flickr-yfcc_openai_train,"[40.649061, 35.817232]",-1
yfcc-4014709929,Flickr-yfcc_openai_train,"[23.141844, -82.372291]",-1
yfcc-4039314912,Flickr-yfcc_openai_train,"[35.604438, 139.702025]",-1
yfcc-4071629009,Flickr-yfcc_openai_train,"[48.858295, 2.349507]",-1
yfcc-4087655917,Flickr-yfcc_openai_train,"[40.348167, -75.032166]",-1
yfcc-4101969711,Flickr-yfcc_openai_train,"[37.788666, -122.401834]",-1
yfcc-415815332,Flickr-yfcc_openai_train,"[35.321568, 139.552974]",-1
yfcc-4243008363,Flickr-yfcc_openai_train,"[-39.266666, 175.55]",-1
yfcc-4329535990,Flickr-yfcc_openai_train,"[-35.770541, 137.552089]",-1
yfcc-4341776736,Flickr-yfcc_openai_train,"[47.609244, -122.339415]",-1
yfcc-4353928082,Flickr-yfcc_openai_train,"[40.745666, -73.980334]",-1
yfcc-4385649362,Flickr-yfcc_openai_train,"[48.85839, 2.340087]",-1
yfcc-439772496,Flickr-yfcc_openai_train,"[35.651368, 134.557542]",-1
yfcc-4428020686,Flickr-yfcc_openai_train,"[51.514418, -0.08147399999999999]",-1
yfcc-443568113,Flickr-yfcc_openai_train,"[34.694767, 135.831527]",-1
yfcc-443965069,Flickr-yfcc_openai_train,"[48.890003, 2.240009]",-1
yfcc-443981425,Flickr-yfcc_openai_train,"[47.655357, -122.313264]",-1
yfcc-4487890778,Flickr-yfcc_openai_train,"[40.779241, -73.961963]",-1
yfcc-4489698334,Flickr-yfcc_openai_train,"[51.200941, 1.400885]",-1
yfcc-4496629668,Flickr-yfcc_openai_train,"[35.682372, 139.611652]",-1
yfcc-4502180364,Flickr-yfcc_openai_train,"[-37.817581, 144.968163]",-1
yfcc-452289167,Flickr-yfcc_openai_train,"[30.837246, 79.494581]",-1
yfcc-4575317850,Flickr-yfcc_openai_train,"[43.702333, 11.463167]",-1
yfcc-458198167,Flickr-yfcc_openai_train,"[53.713834, -1.618155]",-1
yfcc-4643100483,Flickr-yfcc_openai_train,"[45.501775, -73.570289]",-1
yfcc-4644312469,Flickr-yfcc_openai_train,"[51.632756, -0.753142]",-1
yfcc-4659077680,Flickr-yfcc_openai_train,"[35.161249, -111.27925]",-1
yfcc-4678764272,Flickr-yfcc_openai_train,"[34.014756, -118.495016]",-1
yfcc-472611053,Flickr-yfcc_openai_train,"[46.051373, 14.507789]",-1
yfcc-4758669116,Flickr-yfcc_openai_train,"[51.515555, -0.11194499999999999]",-1
yfcc-4783680270,Flickr-yfcc_openai_train,"[40.713512, -73.997114]",-1
yfcc-4869837745,Flickr-yfcc_openai_train,"[37.971977, 23.728848]",-1
yfcc-488069576,Flickr-yfcc_openai_train,"[45.035806, -76.2858]",-1
yfcc-4906193888,Flickr-yfcc_openai_train,"[38.930441, -77.071194]",-1
yfcc-4939627873,Flickr-yfcc_openai_train,"[38.889611, -77.028611]",-1
yfcc-4970563926,Flickr-yfcc_openai_train,"[49.281369, -123.119789]",-1
yfcc-4982589142,Flickr-yfcc_openai_train,"[37.768815, -122.483042]",-1
yfcc-511802589,Flickr-yfcc_openai_train,"[33.811913, -117.919414]",-1
yfcc-5215079599,Flickr-yfcc_openai_train,"[51.464578, -0.18742699999999998]",-1
yfcc-523765977,Flickr-yfcc_openai_train,"[52.509952, 13.373353999999999]",-1
yfcc-525182652,Flickr-yfcc_openai_train,"[38.744829, -109.564826]",-1
yfcc-5266802781,Flickr-yfcc_openai_train,"[39.289318, -76.621838]",-1
yfcc-5271858025,Flickr-yfcc_openai_train,"[50.114441, 8.674913]",-1
yfcc-527932030,Flickr-yfcc_openai_train,"[55.68252, 12.529735]",-1
yfcc-5315898997,Flickr-yfcc_openai_train,"[41.008564, 28.97983]",-1
yfcc-5326321288,Flickr-yfcc_openai_train,"[48.422308, -123.37552]",-1
yfcc-533020364,Flickr-yfcc_openai_train,"[46.577388, 11.726875]",-1
yfcc-539159134,Flickr-yfcc_openai_train,"[51.519759, -0.12720099999999998]",-1
yfcc-5560285162,Flickr-yfcc_openai_train,"[34.709256, 135.480651]",-1
yfcc-5561023319,Flickr-yfcc_openai_train,"[50.776355, 6.094129]",-1
yfcc-5566412490,Flickr-yfcc_openai_train,"[30.044521, 31.235632]",-1
yfcc-5587112823,Flickr-yfcc_openai_train,"[-41.303602, 174.793853]",-1
yfcc-559430619,Flickr-yfcc_openai_train,"[40.756124, -73.98571]",-1
yfcc-5669428672,Flickr-yfcc_openai_train,"[51.466755, -2.5911210000000002]",-1
yfcc-5682064843,Flickr-yfcc_openai_train,"[40.578597, -75.528089]",-1
yfcc-5697693368,Flickr-yfcc_openai_train,"[53.380922, -2.3873800000000003]",-1
yfcc-5708965627,Flickr-yfcc_openai_train,"[33.7897, -84.385523]",-1
yfcc-5717827654,Flickr-yfcc_openai_train,"[37.534496, -77.443635]",-1
yfcc-5728633372,Flickr-yfcc_openai_train,"[41.968728, -87.688279]",-1
yfcc-5736082154,Flickr-yfcc_openai_train,"[41.87532, -87.628637]",-1
yfcc-5746464724,Flickr-yfcc_openai_train,"[46.052069, 14.504243]",-1
yfcc-5773277714,Flickr-yfcc_openai_train,"[40.416628, -3.703805]",-1
yfcc-5800888156,Flickr-yfcc_openai_train,"[46.110418, 7.324404]",-1
yfcc-5864025794,Flickr-yfcc_openai_train,"[35.139751, -90.052597]",-1
yfcc-5895055568,Flickr-yfcc_openai_train,"[34.057263, -5.523953]",-1
yfcc-605869798,Flickr-yfcc_openai_train,"[33.469996, -81.966424]",-1
yfcc-6195994913,Flickr-yfcc_openai_train,"[-33.867083, 151.207623]",-1
yfcc-6402701133,Flickr-yfcc_openai_train,"[39.067047, -108.589038]",-1
yfcc-64979761,Flickr-yfcc_openai_train,"[42.354199, -71.06943]",-1
yfcc-6712851197,Flickr-yfcc_openai_train,"[-34.997378, 117.944927]",-1
yfcc-6832234035,Flickr-yfcc_openai_train,"[32.85563, -117.25929]",-1
yfcc-6869418052,Flickr-yfcc_openai_train,"[26.189562, -80.096082]",-1
yfcc-6878113889,Flickr-yfcc_openai_train,"[38.893421, -77.031809]",-1
yfcc-6891213613,Flickr-yfcc_openai_train,"[34.420291, -119.698853]",-1
yfcc-6910641820,Flickr-yfcc_openai_train,"[53.09785, -7.916958]",-1
yfcc-6981141581,Flickr-yfcc_openai_train,"[15.336427, 76.458997]",-1
yfcc-7005467,Flickr-yfcc_openai_train,"[32.987085, -96.842336]",-1
yfcc-7190987226,Flickr-yfcc_openai_train,"[41.350743, -72.384774]",-1
yfcc-7237017308,Flickr-yfcc_openai_train,"[40.709214, -74.010601]",-1
yfcc-7293181602,Flickr-yfcc_openai_train,"[37.820005, -122.478675]",-1
yfcc-7302986,Flickr-yfcc_openai_train,"[35.672637, 139.768409]",-1
yfcc-7329057288,Flickr-yfcc_openai_train,"[52.360768, 4.885579]",-1
yfcc-7442103862,Flickr-yfcc_openai_train,"[18.424346, 98.790092]",-1
yfcc-74619051,Flickr-yfcc_openai_train,"[35.321568, 139.551429]",-1
yfcc-7617728272,Flickr-yfcc_openai_train,"[36.42061, -105.569423]",-1
yfcc-7642125636,Flickr-yfcc_openai_train,"[26.148195, 32.65068]",-1
yfcc-7829479910,Flickr-yfcc_openai_train,"[47.676831, -122.316938]",-1
yfcc-7846842152,Flickr-yfcc_openai_train,"[55.611626, 13.00233]",-1
yfcc-7932100896,Flickr-yfcc_openai_train,"[54.682882, 25.278442]",-1
yfcc-7994004605,Flickr-yfcc_openai_train,"[44.194833, -121.617667]",-1
yfcc-80222907,Flickr-yfcc_openai_train,"[36.385912, 139.394531]",-1
yfcc-8169539155,Flickr-yfcc_openai_train,"[21.031949, 105.819908]",-1
yfcc-8239118773,Flickr-yfcc_openai_train,"[37.971569, 23.727475]",-1
yfcc-8307089134,Flickr-yfcc_openai_train,"[43.716593, 10.402261]",-1
yfcc-8375664191,Flickr-yfcc_openai_train,"[1.282, 103.863499]",-1
yfcc-8378196339,Flickr-yfcc_openai_train,"[38.893997, -77.024899]",-1
yfcc-85621794,Flickr-yfcc_openai_train,"[48.856865, 2.316141]",-1
yfcc-8672798282,Flickr-yfcc_openai_train,"[48.857995, 2.285327]",-1
yfcc-87112194,Flickr-yfcc_openai_train,"[-37.874853, 175.803222]",-1
yfcc-9003525390,Flickr-yfcc_openai_train,"[38.910059, -77.043494]",-1
yfcc-902804092,Flickr-yfcc_openai_train,"[39.184268, -123.717298]",-1
yfcc-9318404306,Flickr-yfcc_openai_train,"[55.620333, -5.093]",-1
yfcc-9331825096,Flickr-yfcc_openai_train,"[37.42716, -122.171353]",-1
yfcc-9640910501,Flickr-yfcc_openai_train,"[51.594187, -0.056984999999999994]",-1
yfcc-9672684353,Flickr-yfcc_openai_train,"[47.6062, -122.3321]",-1
yfcc-9674782856,Flickr-yfcc_openai_train,"[44.83917, -93.168696]",-1
yfcc-9766058031,Flickr-yfcc_openai_train,"[-34.210675, 150.976838]",-1
yfcc-9784827336,Flickr-yfcc_openai_train,"[52.650412, -7.249109]",-1
yfcc-98234144,Flickr-yfcc_openai_train,"[40.780248, -73.962407]",-1
yfcc-984664910,Flickr-yfcc_openai_train,"[48.420543, -123.369823]",-1
yfcc-1000272912,Flickr-yfcc_openai_train,"[20.633426, 96.911087]",1
yfcc-13169205385,Flickr-yfcc_openai_train,"[9.868069, -83.92147]",1
yfcc-1351246086,Flickr-yfcc_openai_train,"[33.23884, 44.25169]",1
yfcc-135431519,Flickr-yfcc_openai_train,"[51.520813, -0.10110799999999999]",1
yfcc-1438146066,Flickr-yfcc_openai_train,"[14.019355, -0.029353999999999998]",1
yfcc-1574809957,Flickr-yfcc_openai_train,"[57.475713, -4.22626]",1
yfcc-165070370,Flickr-yfcc_openai_train,"[28.014483, -82.632379]",1
yfcc-178088020,Flickr-yfcc_openai_train,"[39.780673, -105.055303]",1
yfcc-179122666,Flickr-yfcc_openai_train,"[54.642644, -5.941812]",1
yfcc-1873728,Flickr-yfcc_openai_train,"[39.365226, -74.422931]",1
yfcc-197132294,Flickr-yfcc_openai_train,"[40.41227, -74.037272]",1
yfcc-2058037066,Flickr-yfcc_openai_train,"[18.354332, -64.567562]",1
yfcc-2122447423,Flickr-yfcc_openai_train,"[9.04514, 38.732299]",1
yfcc-2321003896,Flickr-yfcc_openai_train,"[37.574604, 126.957638]",1
yfcc-280128811,Flickr-yfcc_openai_train,"[37.252467, -8.865451]",1
yfcc-2846936237,Flickr-yfcc_openai_train,"[47.613009, -122.205154]",1
yfcc-2877611238,Flickr-yfcc_openai_train,"[40.765993, -73.979444]",1
yfcc-3026108799,Flickr-yfcc_openai_train,"[33.422997, -94.057527]",1
yfcc-3376246863,Flickr-yfcc_openai_train,"[40.714851, -74.016151]",1
yfcc-3824788008,Flickr-yfcc_openai_train,"[27.966588, -82.801648]",1
yfcc-3947950733,Flickr-yfcc_openai_train,"[35.024092, 138.786657]",1
yfcc-4354943348,Flickr-yfcc_openai_train,"[27.966588, -82.801648]",1
yfcc-462744220,Flickr-yfcc_openai_train,"[39.900424, -83.82843]",1
yfcc-4751070645,Flickr-yfcc_openai_train,"[59.442893, -151.718788]",1
yfcc-4752588360,Flickr-yfcc_openai_train,"[43.648475, -79.39067]",1
yfcc-5024625368,Flickr-yfcc_openai_train,"[13.459, -16.686334]",1
yfcc-5228831859,Flickr-yfcc_openai_train,"[-6.872196, 107.617982]",1
yfcc-5238322730,Flickr-yfcc_openai_train,"[33.93045, 67.678939]",1
yfcc-5265139620,Flickr-yfcc_openai_train,"[30.643967, 104.0843]",1
yfcc-5473969715,Flickr-yfcc_openai_train,"[52.837617, -6.933574]",1
yfcc-5723655581,Flickr-yfcc_openai_train,"[55.606167, -2.7640000000000002]",1
yfcc-5864476164,Flickr-yfcc_openai_train,"[51.113679, 13.636622]",1
yfcc-5936382077,Flickr-yfcc_openai_train,"[0.549307, 36.276855]",1
yfcc-6186170638,Flickr-yfcc_openai_train,"[51.526187, -0.058933]",1
yfcc-6335084059,Flickr-yfcc_openai_train,"[48.879576, 2.388786]",1
yfcc-6481136,Flickr-yfcc_openai_train,"[37.808588, -122.409549]",1
yfcc-6780531613,Flickr-yfcc_openai_train,"[39.010276, -76.398335]",1
yfcc-6961442808,Flickr-yfcc_openai_train,"[37.55094, -122.515239]",1
yfcc-7545792642,Flickr-yfcc_openai_train,"[48.398543, 9.991915]",1
yfcc-8243996012,Flickr-yfcc_openai_train,"[6.967323, 38.463134]",1
yfcc-8288883301,Flickr-yfcc_openai_train,"[35.976833, -79.139167]",1
yfcc-943388983,Flickr-yfcc_openai_train,"[-12.090526, -77.066506]",1
yfcc-9674589657,Flickr-yfcc_openai_train,"[17.372473, 78.46077]",1
yfcc-9866606856,Flickr-yfcc_openai_train,"[9.312279, 123.3031]",1
yfcc-1392355371,Flickr-yfcc_openai_valid,"[51.477427, -3.179447]",0
yfcc-1422104961,Flickr-yfcc_openai_valid,"[5.959778, 10.158233]",0
yfcc-1443659818,Flickr-yfcc_openai_valid,"[52.115492, 4.64859]",0
yfcc-17850307,Flickr-yfcc_openai_valid,"[51.76274, -1.263427]",0
yfcc-2096637293,Flickr-yfcc_openai_valid,"[40.726665, -73.982931]",0
yfcc-261440847,Flickr-yfcc_openai_valid,"[47.615247, -122.345337]",0
yfcc-2831021181,Flickr-yfcc_openai_valid,"[35.890997, 127.756748]",0
yfcc-302749324,Flickr-yfcc_openai_valid,"[42.477288, -72.590274]",0
yfcc-3128699639,Flickr-yfcc_openai_valid,"[35.38444, -120.864361]",0
yfcc-344883788,Flickr-yfcc_openai_valid,"[13.73038, 100.498123]",0
yfcc-3661890465,Flickr-yfcc_openai_valid,"[51.889920000000004, 0.26330000000000003]",0
yfcc-3934215542,Flickr-yfcc_openai_valid,"[59.343005, 18.050268]",0
yfcc-397104761,Flickr-yfcc_openai_valid,"[10.682201, -61.501465]",0
yfcc-4255961181,Flickr-yfcc_openai_valid,"[36.996709, 138.607292]",0
yfcc-429919014,Flickr-yfcc_openai_valid,"[33.811173, -117.920057]",0
yfcc-4332725043,Flickr-yfcc_openai_valid,"[43.258143, 26.894273]",0
yfcc-4355057737,Flickr-yfcc_openai_valid,"[45.827158, -92.969189]",0
yfcc-4789622814,Flickr-yfcc_openai_valid,"[-33.90515, 18.411154]",0
yfcc-4979845480,Flickr-yfcc_openai_valid,"[52.919944, -1.966412]",0
yfcc-5315725039,Flickr-yfcc_openai_valid,"[51.564879, -4.325909]",0
yfcc-5690346953,Flickr-yfcc_openai_valid,"[37.785656, -122.399802]",0
yfcc-5893139952,Flickr-yfcc_openai_valid,"[38.92204, -77.036304]",0
yfcc-5991708253,Flickr-yfcc_openai_valid,"[47.676, -122.202833]",0
yfcc-6315406388,Flickr-yfcc_openai_valid,"[52.083145, 0.7219]",0
yfcc-6961386470,Flickr-yfcc_openai_valid,"[8.454034, -71.170978]",0
yfcc-7159800926,Flickr-yfcc_openai_valid,"[48.853286, 2.369248]",0
yfcc-7435547304,Flickr-yfcc_openai_valid,"[44.982013, -93.269224]",0
yfcc-7772297086,Flickr-yfcc_openai_valid,"[14.26039, 24.595642]",0
yfcc-8384997424,Flickr-yfcc_openai_valid,"[37.765914, -122.457454]",0
yfcc-8438934300,Flickr-yfcc_openai_valid,"[38.890924, -77.015211]",0
yfcc-8542697905,Flickr-yfcc_openai_valid,"[38.908825, -77.043331]",0
yfcc-8677800509,Flickr-yfcc_openai_valid,"[38.743408, -9.14638]",0
yfcc-9249065013,Flickr-yfcc_openai_valid,"[48.004933, 7.63436]",0
yfcc-9393468013,Flickr-yfcc_openai_valid,"[52.893435, -1.28864]",0
yfcc-961578,Flickr-yfcc_openai_valid,"[37.560364, 126.98822]",0
yfcc-11175831776,Flickr-yfcc_openai_valid,"[50.44628, 30.520891]",-1
yfcc-12577956,Flickr-yfcc_openai_valid,"[15.350327, 44.216558]",-1
yfcc-12581982644,Flickr-yfcc_openai_valid,"[51.34042, -1.042039]",-1
yfcc-12843569933,Flickr-yfcc_openai_valid,"[30.336185, 35.435532]",-1
yfcc-1310414381,Flickr-yfcc_openai_valid,"[53.602182, -1.572074]",-1
yfcc-13844102363,Flickr-yfcc_openai_valid,"[51.918332, 4.480962]",-1
yfcc-1496482671,Flickr-yfcc_openai_valid,"[35.661557, 139.729502]",-1
yfcc-1505238281,Flickr-yfcc_openai_valid,"[48.203983, 16.378737]",-1
yfcc-1521426546,Flickr-yfcc_openai_valid,"[40.571836, -73.9788]",-1
yfcc-1767596,Flickr-yfcc_openai_valid,"[51.516454, -0.13050499999999998]",-1
yfcc-182341219,Flickr-yfcc_openai_valid,"[52.506308, 13.332166]",-1
yfcc-1941332497,Flickr-yfcc_openai_valid,"[22.22873, -159.48786]",-1
yfcc-2070582968,Flickr-yfcc_openai_valid,"[38.889396, -77.050251]",-1
yfcc-2130140723,Flickr-yfcc_openai_valid,"[51.750215, -1.256786]",-1
yfcc-2132999062,Flickr-yfcc_openai_valid,"[37.781196, -122.391386]",-1
yfcc-2289871510,Flickr-yfcc_openai_valid,"[45.484943, 12.416417]",-1
yfcc-2307247471,Flickr-yfcc_openai_valid,"[41.878029, -87.627811]",-1
yfcc-2400817474,Flickr-yfcc_openai_valid,"[36.966, -110.235]",-1
yfcc-243799407,Flickr-yfcc_openai_valid,"[12.918305, 77.66723]",-1
yfcc-2464360363,Flickr-yfcc_openai_valid,"[52.506563, 13.372142]",-1
yfcc-2470840837,Flickr-yfcc_openai_valid,"[59.933333, 30.3]",-1
yfcc-2607567109,Flickr-yfcc_openai_valid,"[51.523573999999996, -0.15764499999999998]",-1
yfcc-2738387084,Flickr-yfcc_openai_valid,"[51.379709, 3.398895]",-1
yfcc-2767333569,Flickr-yfcc_openai_valid,"[37.795415, -122.393928]",-1
yfcc-2857483850,Flickr-yfcc_openai_valid,"[35.017813, 135.595142]",-1
yfcc-2909469426,Flickr-yfcc_openai_valid,"[49.014138, 2.538871]",-1
yfcc-2969180787,Flickr-yfcc_openai_valid,"[51.515306, -0.12719]",-1
yfcc-3005901150,Flickr-yfcc_openai_valid,"[41.870391, -87.619357]",-1
yfcc-3015282977,Flickr-yfcc_openai_valid,"[57.713913, 18.37429]",-1
yfcc-3102014201,Flickr-yfcc_openai_valid,"[33.989616, -118.478466]",-1
yfcc-3252552164,Flickr-yfcc_openai_valid,"[31.331352, 104.488906]",-1
yfcc-3387069263,Flickr-yfcc_openai_valid,"[48.800434, 2.127823]",-1
yfcc-3444058884,Flickr-yfcc_openai_valid,"[34.077545, -118.474892]",-1
yfcc-3479118124,Flickr-yfcc_openai_valid,"[37.765778, -122.431232]",-1
yfcc-3556617055,Flickr-yfcc_openai_valid,"[51.092786, -1.8027419999999998]",-1
yfcc-3574848954,Flickr-yfcc_openai_valid,"[41.903091, 12.456908]",-1
yfcc-358066578,Flickr-yfcc_openai_valid,"[47.612311, -122.336025]",-1
yfcc-3586973512,Flickr-yfcc_openai_valid,"[50.060269, 19.941408]",-1
yfcc-358786282,Flickr-yfcc_openai_valid,"[18.958895, 72.817726]",-1
yfcc-3598407378,Flickr-yfcc_openai_valid,"[32.926499, -85.849914]",-1
yfcc-3618362155,Flickr-yfcc_openai_valid,"[40.757725, -73.986101]",-1
yfcc-3642427417,Flickr-yfcc_openai_valid,"[-8.428128, -34.987335]",-1
yfcc-3642836548,Flickr-yfcc_openai_valid,"[51.178865, -1.826085]",-1
yfcc-3664676986,Flickr-yfcc_openai_valid,"[56.332194, 36.734182]",-1
yfcc-3754912645,Flickr-yfcc_openai_valid,"[51.501894, -0.173313]",-1
yfcc-3754966295,Flickr-yfcc_openai_valid,"[47.800101, 13.044161]",-1
yfcc-3807425944,Flickr-yfcc_openai_valid,"[35.698873, 139.569797]",-1
yfcc-3844296196,Flickr-yfcc_openai_valid,"[47.598697, -122.328257]",-1
yfcc-3848698631,Flickr-yfcc_openai_valid,"[43.668989, -86.523857]",-1
yfcc-3957939154,Flickr-yfcc_openai_valid,"[48.423106, -123.368997]",-1
yfcc-4150565298,Flickr-yfcc_openai_valid,"[32.783016, -16.913967]",-1
yfcc-4167051309,Flickr-yfcc_openai_valid,"[52.4802, -1.90325]",-1
yfcc-4218701807,Flickr-yfcc_openai_valid,"[53.48689, -2.242466]",-1
yfcc-4280912022,Flickr-yfcc_openai_valid,"[18.5803, -72.3381]",-1
yfcc-4325918356,Flickr-yfcc_openai_valid,"[40.445379, 116.66399]",-1
yfcc-4361294505,Flickr-yfcc_openai_valid,"[39.296886, -76.615679]",-1
yfcc-4505050148,Flickr-yfcc_openai_valid,"[27.17434, 78.041017]",-1
yfcc-4517989195,Flickr-yfcc_openai_valid,"[52.932512, 1.300672]",-1
yfcc-4528710697,Flickr-yfcc_openai_valid,"[51.92299, -2.059593]",-1
yfcc-458444286,Flickr-yfcc_openai_valid,"[35.565744, 139.691728]",-1
yfcc-4687982688,Flickr-yfcc_openai_valid,"[43.217186, 2.346267]",-1
yfcc-4716047404,Flickr-yfcc_openai_valid,"[43.655934, -79.380152]",-1
yfcc-4777146193,Flickr-yfcc_openai_valid,"[51.50189, -0.17949299999999999]",-1
yfcc-4792454548,Flickr-yfcc_openai_valid,"[37.779534, -122.417998]",-1
yfcc-4912280958,Flickr-yfcc_openai_valid,"[33.883768, -118.413509]",-1
yfcc-4975167154,Flickr-yfcc_openai_valid,"[-14.458285, -67.562313]",-1
yfcc-5082545350,Flickr-yfcc_openai_valid,"[41.866189, -87.617125]",-1
yfcc-5112324575,Flickr-yfcc_openai_valid,"[38.993188, -77.026573]",-1
yfcc-512044743,Flickr-yfcc_openai_valid,"[41.903989, 12.457675]",-1
yfcc-5285429923,Flickr-yfcc_openai_valid,"[38.895144, -77.022045]",-1
yfcc-5314749745,Flickr-yfcc_openai_valid,"[40.759212, -73.985002]",-1
yfcc-5348320913,Flickr-yfcc_openai_valid,"[-33.857963, 151.214921]",-1
yfcc-5386609351,Flickr-yfcc_openai_valid,"[-40.848034, 172.770459]",-1
yfcc-55529752,Flickr-yfcc_openai_valid,"[53.546835, 9.995155]",-1
yfcc-5596097823,Flickr-yfcc_openai_valid,"[-37.157238, 142.518081]",-1
yfcc-5597507214,Flickr-yfcc_openai_valid,"[53.754458, -0.35242]",-1
yfcc-5597764918,Flickr-yfcc_openai_valid,"[40.406544, -3.691091]",-1
yfcc-5612506837,Flickr-yfcc_openai_valid,"[49.611419, 6.129115]",-1
yfcc-563945657,Flickr-yfcc_openai_valid,"[1.2746520000000001, 103.842601]",-1
yfcc-5762003247,Flickr-yfcc_openai_valid,"[40.758602, -73.976359]",-1
yfcc-5764250917,Flickr-yfcc_openai_valid,"[35.714191, 139.796787]",-1
yfcc-5765699878,Flickr-yfcc_openai_valid,"[40.653620000000004, -73.992147]",-1
yfcc-5784592826,Flickr-yfcc_openai_valid,"[-41.289367, 174.786043]",-1
yfcc-5948658911,Flickr-yfcc_openai_valid,"[46.865465, -121.506997]",-1
yfcc-5966289914,Flickr-yfcc_openai_valid,"[37.599229, -0.9856579999999999]",-1
yfcc-6074064623,Flickr-yfcc_openai_valid,"[48.118419, -122.751574]",-1
yfcc-6077184265,Flickr-yfcc_openai_valid,"[55.680041, 12.576158]",-1
yfcc-6143541209,Flickr-yfcc_openai_valid,"[50.40611, 3.772087]",-1
yfcc-6203900760,Flickr-yfcc_openai_valid,"[52.446672, -1.5719029999999998]",-1
yfcc-6246974590,Flickr-yfcc_openai_valid,"[40.709308, -74.011287]",-1
yfcc-6279251255,Flickr-yfcc_openai_valid,"[40.779257, -73.963265]",-1
yfcc-6289798732,Flickr-yfcc_openai_valid,"[52.399008, 0.264025]",-1
yfcc-6326003739,Flickr-yfcc_openai_valid,"[39.949333, -75.150167]",-1
yfcc-6370339539,Flickr-yfcc_openai_valid,"[51.69815, -4.831409]",-1
yfcc-6615891693,Flickr-yfcc_openai_valid,"[43.637597, -79.456257]",-1
yfcc-6817087374,Flickr-yfcc_openai_valid,"[-27.47575, 153.021861]",-1
yfcc-6836811817,Flickr-yfcc_openai_valid,"[44.94047, -123.028099]",-1
yfcc-6955589443,Flickr-yfcc_openai_valid,"[38.889308, -77.044705]",-1
yfcc-6995040775,Flickr-yfcc_openai_valid,"[34.01758, -118.501912]",-1
yfcc-7099682207,Flickr-yfcc_openai_valid,"[35.012002, 135.747756]",-1
yfcc-7276909854,Flickr-yfcc_openai_valid,"[37.503929, -122.261974]",-1
yfcc-7405826530,Flickr-yfcc_openai_valid,"[33.814204, -117.91804]",-1
yfcc-7467989216,Flickr-yfcc_openai_valid,"[52.953473, -1.150314]",-1
yfcc-751895401,Flickr-yfcc_openai_valid,"[47.661291, -122.3309]",-1
yfcc-7640965516,Flickr-yfcc_openai_valid,"[38.898765, -77.036604]",-1
yfcc-7649554980,Flickr-yfcc_openai_valid,"[52.069843, 4.220181]",-1
yfcc-7692193950,Flickr-yfcc_openai_valid,"[51.915558, 4.482056]",-1
yfcc-7775156288,Flickr-yfcc_openai_valid,"[42.330504, -83.031878]",-1
yfcc-7987594144,Flickr-yfcc_openai_valid,"[31.853166, 34.842422]",-1
yfcc-8051856013,Flickr-yfcc_openai_valid,"[21.860158, 95.993161]",-1
yfcc-8113631875,Flickr-yfcc_openai_valid,"[48.892416, 2.236329]",-1
yfcc-8307183683,Flickr-yfcc_openai_valid,"[-7.743929, 110.493011]",-1
yfcc-8307297352,Flickr-yfcc_openai_valid,"[27.433748, 89.389541]",-1
yfcc-8392269501,Flickr-yfcc_openai_valid,"[52.209828, 0.116751]",-1
yfcc-8406771903,Flickr-yfcc_openai_valid,"[38.893988, -77.021842]",-1
yfcc-8565777867,Flickr-yfcc_openai_valid,"[45.436833, 12.326488]",-1
yfcc-8594840798,Flickr-yfcc_openai_valid,"[53.490978, -3.053009]",-1
yfcc-864927630,Flickr-yfcc_openai_valid,"[48.851048, 2.353048]",-1
yfcc-8706699810,Flickr-yfcc_openai_valid,"[41.428395, -74.058931]",-1
yfcc-8724971015,Flickr-yfcc_openai_valid,"[47.501663, -52.634382]",-1
yfcc-9156741088,Flickr-yfcc_openai_valid,"[43.878277, -103.457887]",-1
yfcc-9359590787,Flickr-yfcc_openai_valid,"[35.710271, 139.811807]",-1
yfcc-9454193377,Flickr-yfcc_openai_valid,"[41.879275, -87.627639]",-1
yfcc-95184675,Flickr-yfcc_openai_valid,"[38.895266, -77.030789]",-1
yfcc-968293102,Flickr-yfcc_openai_valid,"[40.705725, -74.002978]",-1
yfcc-976532479,Flickr-yfcc_openai_valid,"[51.503934, -0.22435000000000002]",-1
yfcc-158430972,Flickr-yfcc_openai_valid,"[-0.9502729999999999, 37.056884]",1
yfcc-2870241487,Flickr-yfcc_openai_valid,"[40.640566, -73.966036]",1
yfcc-2903159948,Flickr-yfcc_openai_valid,"[46.854278, -121.761474]",1
yfcc-379419762,Flickr-yfcc_openai_valid,"[39.918162, 116.394653]",1
yfcc-384987215,Flickr-yfcc_openai_valid,"[19.056844, 72.915658]",1
yfcc-4584081979,Flickr-yfcc_openai_valid,"[34.7955, -86.689501]",1
yfcc-5157067509,Flickr-yfcc_openai_valid,"[35.6569, 140.131]",1
yfcc-5225543448,Flickr-yfcc_openai_valid,"[43.647123, -79.378398]",1
yfcc-5839161640,Flickr-yfcc_openai_valid,"[42.575711, -71.078796]",1
yfcc-7060537089,Flickr-yfcc_openai_valid,"[51.069499, 0.6805800000000001]",1
yfcc-986595321,Flickr-yfcc_openai_valid,"[38.931213, -77.042537]",1
yfcc-1251260035,Flickr-yfcc4k,"[51.522245, -0.201691]",0
yfcc-216885820,Flickr-yfcc4k,"[46.480782, -90.0527]",0
yfcc-3320208977,Flickr-yfcc4k,"[29.819348, -81.325092]",0
yfcc-4016777484,Flickr-yfcc4k,"[43.798885, 20.091934]",0
yfcc-4509567625,Flickr-yfcc4k,"[25.33813, 82.994842]",0
yfcc-4689929266,Flickr-yfcc4k,"[40.224269, 116.422523]",0
yfcc-4724098742,Flickr-yfcc4k,"[23.841567, 120.904884]",0
yfcc-4916980076,Flickr-yfcc4k,"[44.578703, 9.167232]",0
yfcc-4937975485,Flickr-yfcc4k,"[50.337243, -4.624257]",0
yfcc-5034153774,Flickr-yfcc4k,"[42.984079, -85.333138]",0
yfcc-540323791,Flickr-yfcc4k,"[52.369389, 4.894248]",0
yfcc-5481961530,Flickr-yfcc4k,"[40.437993, -3.696281]",0
yfcc-5631657949,Flickr-yfcc4k,"[48.863924, 2.313448]",0
yfcc-565519767,Flickr-yfcc4k,"[51.507032, -0.125484]",0
yfcc-5690580847,Flickr-yfcc4k,"[43.125703, -72.224013]",0
yfcc-5715945088,Flickr-yfcc4k,"[34.23884, -118.528404]",0
yfcc-6015197942,Flickr-yfcc4k,"[51.907584, -3.392314]",0
yfcc-6292826,Flickr-yfcc4k,"[45.433454, 12.339599]",0
yfcc-6295982812,Flickr-yfcc4k,"[36.241547, -121.819335]",0
yfcc-7754718074,Flickr-yfcc4k,"[-11.663332, -38.086578]",0
yfcc-7769850426,Flickr-yfcc4k,"[29.96066, -90.06772]",0
yfcc-8018607438,Flickr-yfcc4k,"[37.776846, -122.407929]",0
yfcc-8730523691,Flickr-yfcc4k,"[46.876863, -71.24226]",0
yfcc-9031231108,Flickr-yfcc4k,"[41.910852, -83.336417]",0
yfcc-9880081374,Flickr-yfcc4k,"[55.50509, -5.081762]",0
yfcc-10104595695,Flickr-yfcc4k,"[53.188602, -2.884817]",-1
yfcc-11439370863,Flickr-yfcc4k,"[43.720063, 7.275234]",-1
yfcc-1184148743,Flickr-yfcc4k,"[47.504819, 19.039682]",-1
yfcc-1659477928,Flickr-yfcc4k,"[35.715158, 139.736137]",-1
yfcc-193907931,Flickr-yfcc4k,"[38.898915, -77.052354]",-1
yfcc-2065382466,Flickr-yfcc4k,"[30.282491, -97.737271]",-1
yfcc-2094118584,Flickr-yfcc4k,"[27.707087, 85.314159]",-1
yfcc-2125064519,Flickr-yfcc4k,"[60.391244, 5.325064]",-1
yfcc-2337753762,Flickr-yfcc4k,"[53.745551, -0.333205]",-1
yfcc-2412894098,Flickr-yfcc4k,"[-32.997074, -71.422805]",-1
yfcc-3427341325,Flickr-yfcc4k,"[64.285036, -20.354747]",-1
yfcc-3476969477,Flickr-yfcc4k,"[40.759423, -73.987013]",-1
yfcc-3492534402,Flickr-yfcc4k,"[48.136104, 11.599137]",-1
yfcc-3589957410,Flickr-yfcc4k,"[47.61021, -122.343835]",-1
yfcc-3641518435,Flickr-yfcc4k,"[35.220915, -80.844311]",-1
yfcc-3712962511,Flickr-yfcc4k,"[40.272584, -2.797908]",-1
yfcc-3841185844,Flickr-yfcc4k,"[51.505216, -0.086088]",-1
yfcc-3870815742,Flickr-yfcc4k,"[35.6678, 139.707]",-1
yfcc-3993363938,Flickr-yfcc4k,"[54.704391, 20.502204]",-1
yfcc-4134663298,Flickr-yfcc4k,"[45.044949, 6.306467]",-1
yfcc-4377349075,Flickr-yfcc4k,"[40.713563, -73.998616]",-1
yfcc-438024129,Flickr-yfcc4k,"[36.101327, -115.103518]",-1
yfcc-4441179970,Flickr-yfcc4k,"[23.920599, 121.604232]",-1
yfcc-4482942666,Flickr-yfcc4k,"[48.208201, 16.362075]",-1
yfcc-4529830482,Flickr-yfcc4k,"[37.785338, -122.430557]",-1
yfcc-4530919810,Flickr-yfcc4k,"[50.086969, 14.420703]",-1
yfcc-4543358981,Flickr-yfcc4k,"[33.983296, -84.57889]",-1
yfcc-4642199948,Flickr-yfcc4k,"[35.637355, 139.741533]",-1
yfcc-4672989265,Flickr-yfcc4k,"[24.585786, 120.887577]",-1
yfcc-468992590,Flickr-yfcc4k,"[34.684393, 112.461891]",-1
yfcc-4744139130,Flickr-yfcc4k,"[55.948809, -3.201881]",-1
yfcc-4811750972,Flickr-yfcc4k,"[31.255074, 121.387939]",-1
yfcc-4906549885,Flickr-yfcc4k,"[43.269081, -3.257102]",-1
yfcc-4916969136,Flickr-yfcc4k,"[44.07989, -103.229609]",-1
yfcc-4923401337,Flickr-yfcc4k,"[42.001058, 9.048807]",-1
yfcc-4935592901,Flickr-yfcc4k,"[34.686833, 135.526166]",-1
yfcc-5077445230,Flickr-yfcc4k,"[42.396174, -71.121541]",-1
yfcc-5207961172,Flickr-yfcc4k,"[35.746512, -5.847473]",-1
yfcc-5219647169,Flickr-yfcc4k,"[-33.091038, 115.87778]",-1
yfcc-5223971117,Flickr-yfcc4k,"[53.269398, -1.34486]",-1
yfcc-5259488883,Flickr-yfcc4k,"[32.083541, -81.099834]",-1
yfcc-5283480635,Flickr-yfcc4k,"[-7.493196, 110.148925]",-1
yfcc-5292540094,Flickr-yfcc4k,"[29.996422, 31.228458]",-1
yfcc-5377580962,Flickr-yfcc4k,"[31.242012, 121.478919]",-1
yfcc-5548423806,Flickr-yfcc4k,"[38.986108, -3.927264]",-1
yfcc-5551483681,Flickr-yfcc4k,"[34.786122, -84.304275]",-1
yfcc-556199541,Flickr-yfcc4k,"[12.30386, 77.155351]",-1
yfcc-5628690825,Flickr-yfcc4k,"[42.847181, -8.576631]",-1
yfcc-5645366543,Flickr-yfcc4k,"[-50.315325, -72.162666]",-1
yfcc-5645686547,Flickr-yfcc4k,"[-33.634344, 150.403518]",-1
yfcc-5663282773,Flickr-yfcc4k,"[54.494196, -0.613603]",-1
yfcc-5714525081,Flickr-yfcc4k,"[33.996248, -118.327732]",-1
yfcc-5778843321,Flickr-yfcc4k,"[37.73736, -121.375279]",-1
yfcc-5799461563,Flickr-yfcc4k,"[50.265423, 10.964355]",-1
yfcc-5862873516,Flickr-yfcc4k,"[41.384653, 2.171704]",-1
yfcc-5908041850,Flickr-yfcc4k,"[39.470794, -0.376689]",-1
yfcc-5923624371,Flickr-yfcc4k,"[40.75423, -73.984122]",-1
yfcc-5947183906,Flickr-yfcc4k,"[48.004933, 7.63436]",-1
yfcc-5997985314,Flickr-yfcc4k,"[22.314507, 114.041519]",-1
yfcc-6034768409,Flickr-yfcc4k,"[41.654044, -0.881073]",-1
yfcc-6053374791,Flickr-yfcc4k,"[21.994267, 120.863513]",-1
yfcc-6265502591,Flickr-yfcc4k,"[42.872414, 2.566852]",-1
yfcc-6329517843,Flickr-yfcc4k,"[33.451137, 9.048786]",-1
yfcc-6777722742,Flickr-yfcc4k,"[30.692471, -88.04306]",-1
yfcc-6779799981,Flickr-yfcc4k,"[1.284348, 103.858652]",-1
yfcc-6875708677,Flickr-yfcc4k,"[35.663997, 139.729125]",-1
yfcc-7067550675,Flickr-yfcc4k,"[35.687102, 139.755197]",-1
yfcc-7769217272,Flickr-yfcc4k,"[39.652408, 19.728677]",-1
yfcc-7962973752,Flickr-yfcc4k,"[44.98, -93.263802]",-1
yfcc-8106061946,Flickr-yfcc4k,"[30.267904, -97.767935]",-1
yfcc-8123140597,Flickr-yfcc4k,"[31.227333, 121.48918]",-1
yfcc-8251381751,Flickr-yfcc4k,"[41.0082, 28.977878]",-1
yfcc-8413225261,Flickr-yfcc4k,"[41.887582, -87.612705]",-1
yfcc-8522888335,Flickr-yfcc4k,"[38.896213, -77.016224]",-1
yfcc-8546916044,Flickr-yfcc4k,"[-23.563667, -46.627]",-1
yfcc-8674311330,Flickr-yfcc4k,"[38.90941, -77.043009]",-1
yfcc-9001135290,Flickr-yfcc4k,"[38.573316, -109.549839]",-1
yfcc-9177350502,Flickr-yfcc4k,"[37.795427, -122.393628]",-1
yfcc-9520655398,Flickr-yfcc4k,"[33.806144, -117.921512]",-1
yfcc-10003206806,Flickr-yfcc4k,"[44.385666, 5.196166]",1
yfcc-10537366026,Flickr-yfcc4k,"[-8.357703, 116.041405]",1
yfcc-2206311719,Flickr-yfcc4k,"[-10.768555, 37.30957]",1
yfcc-2232591644,Flickr-yfcc4k,"[47.618444, -122.319454]",1
yfcc-2425196729,Flickr-yfcc4k,"[60.2203, 24.857618]",1
yfcc-2438845176,Flickr-yfcc4k,"[9.84659, 124.502563]",1
yfcc-2582899267,Flickr-yfcc4k,"[43.05144, -2.171602]",1
yfcc-3070385128,Flickr-yfcc4k,"[37.807122, -122.421276]",1
yfcc-3123807177,Flickr-yfcc4k,"[27.812945, -82.624247]",1
yfcc-3905584273,Flickr-yfcc4k,"[24.134456, 120.69271]",1
yfcc-3907592545,Flickr-yfcc4k,"[12.155164, -86.129379]",1
yfcc-4349295488,Flickr-yfcc4k,"[51.496619, -0.135778]",1
yfcc-4595464362,Flickr-yfcc4k,"[35.354519, -80.232049]",1
yfcc-4688632758,Flickr-yfcc4k,"[35.021562, 135.756683]",1
yfcc-4924592256,Flickr-yfcc4k,"[44.953258, 35.2462]",1
yfcc-4937786528,Flickr-yfcc4k,"[-26.226294, 27.912826]",1
yfcc-5052866068,Flickr-yfcc4k,"[40.932668, -74.969812]",1
yfcc-5395039226,Flickr-yfcc4k,"[40.742833, -74.0075]",1
yfcc-5662697925,Flickr-yfcc4k,"[31.793299, -96.057865]",1
yfcc-5811815449,Flickr-yfcc4k,"[9.491618, 99.997129]",1
yfcc-5868187063,Flickr-yfcc4k,"[50.718634, -2.410039]",1
yfcc-5941322069,Flickr-yfcc4k,"[40.768697, -73.98159]",1
yfcc-5986769383,Flickr-yfcc4k,"[40.71455, -74.007118]",1
yfcc-6002559536,Flickr-yfcc4k,"[48.706273, 9.675199]",1
yfcc-7291335624,Flickr-yfcc4k,"[18.051969, -63.126722]",1
yfcc-8474673006,Flickr-yfcc4k,"[10.718364, 106.734924]",1
yfcc-8610550,Flickr-yfcc4k,"[-8.518721, 115.259113]",1
yfcc-8709361761,Flickr-yfcc4k,"[37.460824, 126.644639]",1
yfcc-8815795798,Flickr-yfcc4k,"[22.287051, 114.139802]",1
yfcc-8883889207,Flickr-yfcc4k,"[53.343992, -1.777381]",1
yfcc-38445624,Flickr-yfcc26k,"[30.748188, -98.359206]",0
yfcc-1811364513,Flickr-yfcc26k,"[17.63257, -101.54766]",0
yfcc-13068369505,Flickr-yfcc26k,"[50.255091, 10.162047]",0
yfcc-605835485,Flickr-yfcc26k,"[49.270772, -123.069727]",0
yfcc-5176340645,Flickr-yfcc26k,"[-34.609899, -58.372678]",0
yfcc-2314192017,Flickr-yfcc26k,"[53.377619, -1.501371]",0
yfcc-11849940053,Flickr-yfcc26k,"[21.364536, -157.949723]",0
yfcc-456712325,Flickr-yfcc26k,"[24.158266, 120.664687]",0
yfcc-9531770751,Flickr-yfcc26k,"[-8.978001, -39.101028]",0
yfcc-8455618,Flickr-yfcc26k,"[32.738577, -97.304132]",0
yfcc-13744066983,Flickr-yfcc26k,"[16.238862, -97.298398]",0
yfcc-13963887305,Flickr-yfcc26k,"[24.034627, 121.143055]",0
yfcc-1196505686,Flickr-yfcc26k,"[29.382175, 76.992187]",0
yfcc-6077664742,Flickr-yfcc26k,"[53.159052, -1.993135]",0
yfcc-8872268291,Flickr-yfcc26k,"[51.324819, 0.897016]",0
yfcc-11985456966,Flickr-yfcc26k,"[-12.922587, -38.503646]",0
yfcc-473745962,Flickr-yfcc26k,"[52.211081, 20.997807]",0
yfcc-5829724933,Flickr-yfcc26k,"[31.303718, 120.610181]",0
yfcc-6000131573,Flickr-yfcc26k,"[37.561525, 127.021179]",0
yfcc-5453248181,Flickr-yfcc26k,"[36.605055, -121.854858]",0
yfcc-5183593914,Flickr-yfcc26k,"[36.543844, -84.736659]",0
yfcc-5729010784,Flickr-yfcc26k,"[-4.246167, -79.225334]",0
yfcc-2500179023,Flickr-yfcc26k,"[37.791265, -122.40536]",0
yfcc-3987214294,Flickr-yfcc26k,"[39.00299, -76.582088]",0
yfcc-539648958,Flickr-yfcc26k,"[39.667308, -107.702236]",0
yfcc-1113505731,Flickr-yfcc26k,"[23.620691, 119.607749]",0
yfcc-5333506277,Flickr-yfcc26k,"[14.460166, -16.366]",0
yfcc-41462457,Flickr-yfcc26k,"[15.357694, 44.204864]",0
yfcc-2893104391,Flickr-yfcc26k,"[30.426954, -84.286497]",0
yfcc-6409567065,Flickr-yfcc26k,"[34.294209, 132.324029]",0
yfcc-1389846629,Flickr-yfcc26k,"[44.148279, -87.568759]",0
yfcc-8032757574,Flickr-yfcc26k,"[-12.956089, -38.449262]",0
yfcc-8467947807,Flickr-yfcc26k,"[38.898738, -77.035131]",0
yfcc-4002056784,Flickr-yfcc26k,"[63.432549, 10.37796]",0
yfcc-8508143330,Flickr-yfcc26k,"[32.308462, 34.947423]",0
yfcc-5147781642,Flickr-yfcc26k,"[38.8903, -77.021278]",0
yfcc-9637898655,Flickr-yfcc26k,"[48.620456, 14.315571]",0
yfcc-8289629203,Flickr-yfcc26k,"[40.495922, -80.256378]",0
yfcc-8172998383,Flickr-yfcc26k,"[36.92868, -3.404012]",0
yfcc-4510419700,Flickr-yfcc26k,"[25.33813, 82.994842]",0
yfcc-148954498,Flickr-yfcc26k,"[50.110451, 8.651733]",0
yfcc-2936373184,Flickr-yfcc26k,"[42.374413, -71.119083]",0
yfcc-3978538678,Flickr-yfcc26k,"[59.977425, 10.677563]",0
yfcc-6042645653,Flickr-yfcc26k,"[37.126689, -119.287801]",0
yfcc-5221253319,Flickr-yfcc26k,"[35.135913, 135.843544]",0
yfcc-8629822509,Flickr-yfcc26k,"[24.375719, 121.440797]",0
yfcc-660480405,Flickr-yfcc26k,"[50.709504, -1.558856]",0
yfcc-8693678509,Flickr-yfcc26k,"[32.590827, -96.95897]",0
yfcc-9386702982,Flickr-yfcc26k,"[52.480213, -1.909073]",0
yfcc-420254157,Flickr-yfcc26k,"[45.428816, 12.319622]",0
yfcc-2599328666,Flickr-yfcc26k,"[48.217408, 16.406487]",0
yfcc-6572793435,Flickr-yfcc26k,"[24.022006, 121.134052]",0
yfcc-8132574923,Flickr-yfcc26k,"[35.466452, -83.434559]",0
yfcc-2503528560,Flickr-yfcc26k,"[51.504034, -0.119165]",0
yfcc-8474615403,Flickr-yfcc26k,"[38.902188, -77.039244]",0
yfcc-3993491561,Flickr-yfcc26k,"[37.749967, -119.595665]",0
yfcc-5604409777,Flickr-yfcc26k,"[22.540345, 114.105162]",-1
yfcc-2433180795,Flickr-yfcc26k,"[52.113832, 5.112934]",-1
yfcc-5679417054,Flickr-yfcc26k,"[42.343413, -71.117089]",-1
yfcc-9575757089,Flickr-yfcc26k,"[52.236263, 21.003811]",-1
yfcc-3973580742,Flickr-yfcc26k,"[32.755373, -117.197251]",-1
yfcc-4946106852,Flickr-yfcc26k,"[42.417092, 1.859006]",-1
yfcc-8127295530,Flickr-yfcc26k,"[35.695741, 139.701389]",-1
yfcc-7022969547,Flickr-yfcc26k,"[38.897863, -77.023268]",-1
yfcc-5090461556,Flickr-yfcc26k,"[51.513333, -0.096]",-1
yfcc-10121282706,Flickr-yfcc26k,"[45.434028, 12.332657]",-1
yfcc-2290726072,Flickr-yfcc26k,"[30.247816, -97.750704]",-1
yfcc-8851860446,Flickr-yfcc26k,"[57.046519, 9.918959]",-1
yfcc-4589475147,Flickr-yfcc26k,"[52.350978, 4.885911]",-1
yfcc-2189939913,Flickr-yfcc26k,"[42.327682, -83.048339]",-1
yfcc-2055542051,Flickr-yfcc26k,"[14.56157, -90.739345]",-1
yfcc-11203834904,Flickr-yfcc26k,"[52.154945, 4.496841]",-1
yfcc-2598854747,Flickr-yfcc26k,"[48.052777, -122.176944]",-1
yfcc-3953153269,Flickr-yfcc26k,"[37.787822, -122.408369]",-1
yfcc-1209963633,Flickr-yfcc26k,"[36.080688, -115.146736]",-1
yfcc-6909226296,Flickr-yfcc26k,"[47.792833, 13.0465]",-1
yfcc-6994080662,Flickr-yfcc26k,"[19.432458, -99.143076]",-1
yfcc-2500808809,Flickr-yfcc26k,"[40.567578, -8.768892]",-1
yfcc-2280991185,Flickr-yfcc26k,"[40.737258, -73.990516]",-1
yfcc-3212599200,Flickr-yfcc26k,"[48.846846, 2.365859]",-1
yfcc-1033034698,Flickr-yfcc26k,"[43.64196, -79.387035]",-1
yfcc-5086239896,Flickr-yfcc26k,"[48.876337, 2.3385]",-1
yfcc-7983873033,Flickr-yfcc26k,"[38.629295, -90.183578]",-1
yfcc-109683748,Flickr-yfcc26k,"[48.860705, 2.346096]",-1
yfcc-389268988,Flickr-yfcc26k,"[35.659527, 139.701976]",-1
yfcc-2121125262,Flickr-yfcc26k,"[51.515593, -0.130183]",-1
yfcc-2958213854,Flickr-yfcc26k,"[35.697815, 139.751434]",-1
yfcc-2748295493,Flickr-yfcc26k,"[50.086184, 14.413692]",-1
yfcc-106683910,Flickr-yfcc26k,"[37.730487, -119.573478]",-1
yfcc-8203034515,Flickr-yfcc26k,"[49.282511, -123.109949]",-1
yfcc-6127913719,Flickr-yfcc26k,"[34.116333, -118.342167]",-1
yfcc-7281876710,Flickr-yfcc26k,"[48.854804, 2.343209]",-1
yfcc-6062877661,Flickr-yfcc26k,"[40.746963, -74.002662]",-1
yfcc-4955555972,Flickr-yfcc26k,"[53.5447, 9.988369]",-1
yfcc-5305711173,Flickr-yfcc26k,"[35.011333, 135.794555]",-1
yfcc-6065413085,Flickr-yfcc26k,"[49.287556, -123.141911]",-1
yfcc-6059189191,Flickr-yfcc26k,"[51.049, -115.172491]",-1
yfcc-1810577182,Flickr-yfcc26k,"[48.88625, 2.340559]",-1
yfcc-1846999484,Flickr-yfcc26k,"[36.11764, -115.188517]",-1
yfcc-5460986125,Flickr-yfcc26k,"[52.509325, 13.376605]",-1
yfcc-6079341887,Flickr-yfcc26k,"[48.857261, 2.341461]",-1
yfcc-4844677845,Flickr-yfcc26k,"[47.237333, -122.112167]",-1
yfcc-5388832971,Flickr-yfcc26k,"[38.293871, -122.458168]",-1
yfcc-2264517682,Flickr-yfcc26k,"[31.215737, 121.464843]",-1
yfcc-2220485647,Flickr-yfcc26k,"[39.916517, 116.390233]",-1
yfcc-7626042572,Flickr-yfcc26k,"[42.244467, -83.612136]",-1
yfcc-4535662044,Flickr-yfcc26k,"[35.660447, 139.698791]",-1
yfcc-523909268,Flickr-yfcc26k,"[50.843826, 4.356851]",-1
yfcc-2913584854,Flickr-yfcc26k,"[-32.782223, 152.074127]",-1
yfcc-4943904461,Flickr-yfcc26k,"[34.270055, 108.898715]",-1
yfcc-5048850432,Flickr-yfcc26k,"[34.566685, -84.244993]",-1
yfcc-2884204484,Flickr-yfcc26k,"[37.771833, -122.461333]",-1
yfcc-13461766705,Flickr-yfcc26k,"[-43.490992, 147.142425]",-1
yfcc-1300413535,Flickr-yfcc26k,"[35.773257, 139.630737]",-1
yfcc-8301591754,Flickr-yfcc26k,"[37.26329, -1.961164]",-1
yfcc-13349689403,Flickr-yfcc26k,"[35.920874, 139.618211]",-1
yfcc-1461522249,Flickr-yfcc26k,"[34.045476, -118.564753]",-1
yfcc-5787620294,Flickr-yfcc26k,"[-17.905405, 25.849113]",-1
yfcc-2927129825,Flickr-yfcc26k,"[49.362588, -0.856719]",-1
yfcc-5698951295,Flickr-yfcc26k,"[48.779219, 9.179044]",-1
yfcc-2239196368,Flickr-yfcc26k,"[48.857599, 2.339658]",-1
yfcc-5489180452,Flickr-yfcc26k,"[27.917522, 86.805484]",-1
yfcc-4881727444,Flickr-yfcc26k,"[37.769, -122.419667]",-1
yfcc-4337867861,Flickr-yfcc26k,"[-34.613676, -58.462371]",-1
yfcc-8337195900,Flickr-yfcc26k,"[35.025638, 135.736598]",-1
yfcc-6998836480,Flickr-yfcc26k,"[39.469186, -3.535734]",-1
yfcc-3294449028,Flickr-yfcc26k,"[51.403623, -0.338258]",-1
yfcc-3436537095,Flickr-yfcc26k,"[41.545091, -87.494226]",-1
yfcc-2237035861,Flickr-yfcc26k,"[28.538915, 33.974963]",-1
yfcc-3493111863,Flickr-yfcc26k,"[-26.964592, -48.629136]",-1
yfcc-4151002246,Flickr-yfcc26k,"[21.89748, 120.858314]",-1
yfcc-3007603560,Flickr-yfcc26k,"[37.764777, -122.425503]",-1
yfcc-7553525110,Flickr-yfcc26k,"[40.756936, -73.986139]",-1
yfcc-5474543169,Flickr-yfcc26k,"[39.323477, -3.481789]",-1
yfcc-3912224006,Flickr-yfcc26k,"[35.691879, 139.696655]",-1
yfcc-6929937162,Flickr-yfcc26k,"[35.319388, 139.551258]",-1
yfcc-5251930764,Flickr-yfcc26k,"[41.413702, 2.152306]",-1
yfcc-4676317751,Flickr-yfcc26k,"[35.713605, 139.796613]",-1
yfcc-10541286366,Flickr-yfcc26k,"[37.822293, -122.375528]",-1
yfcc-756822938,Flickr-yfcc26k,"[51.501075, -0.127104]",-1
yfcc-490261398,Flickr-yfcc26k,"[38.887972, -77.014626]",-1
yfcc-3225745656,Flickr-yfcc26k,"[51.511413, -0.132039]",-1
yfcc-6343370101,Flickr-yfcc26k,"[41.378621, 2.175507]",-1
yfcc-2860527884,Flickr-yfcc26k,"[50.843833, 4.382171]",-1
yfcc-5751275502,Flickr-yfcc26k,"[43.036901, -73.812675]",-1
yfcc-2531243685,Flickr-yfcc26k,"[24.975477, 32.871437]",-1
yfcc-5828793380,Flickr-yfcc26k,"[22.258914, 114.157669]",-1
yfcc-179329223,Flickr-yfcc26k,"[39.795216, -86.237955]",-1
yfcc-8433157863,Flickr-yfcc26k,"[48.581, 7.750333]",-1
yfcc-11449752474,Flickr-yfcc26k,"[40.563844, 45.010816]",-1
yfcc-1799241727,Flickr-yfcc26k,"[51.496347, -0.176725]",-1
yfcc-4099301,Flickr-yfcc26k,"[56.949468, 24.132156]",-1
yfcc-42635004,Flickr-yfcc26k,"[35.88905, 139.042968]",-1
yfcc-6758760147,Flickr-yfcc26k,"[35.242666, 137.192666]",-1
yfcc-5192090589,Flickr-yfcc26k,"[48.858355, 2.349786]",-1
yfcc-8382691094,Flickr-yfcc26k,"[53.152278, 11.046495]",-1
yfcc-7488269670,Flickr-yfcc26k,"[42.732241, -7.325686]",-1
yfcc-1344592336,Flickr-yfcc26k,"[36.111377, -115.173419]",-1
yfcc-2407377145,Flickr-yfcc26k,"[46.278275, 6.854953]",-1
yfcc-6715838117,Flickr-yfcc26k,"[51.503426, -0.016908]",-1
yfcc-8633024710,Flickr-yfcc26k,"[40.413136, -3.699402]",-1
yfcc-6930209086,Flickr-yfcc26k,"[30.044406, 31.23563]",-1
yfcc-2171990758,Flickr-yfcc26k,"[48.132484, 11.544442]",-1
yfcc-10623520323,Flickr-yfcc26k,"[29.935833, 52.891166]",-1
yfcc-5195037687,Flickr-yfcc26k,"[41.563107, 2.009618]",-1
yfcc-8145531692,Flickr-yfcc26k,"[55.194436, 30.19538]",-1
yfcc-3547600020,Flickr-yfcc26k,"[43.6564, -70.260851]",-1
yfcc-206352618,Flickr-yfcc26k,"[43.781009, 11.238241]",-1
yfcc-6927341170,Flickr-yfcc26k,"[34.996533, 135.7815]",-1
yfcc-7276598480,Flickr-yfcc26k,"[42.573626, -71.602792]",-1
yfcc-6024161653,Flickr-yfcc26k,"[18.932022, 102.447811]",-1
yfcc-204340012,Flickr-yfcc26k,"[10.773193, 106.704454]",-1
yfcc-2630995805,Flickr-yfcc26k,"[50.9414, 6.957049]",-1
yfcc-1775860430,Flickr-yfcc26k,"[35.675007, 139.763774]",-1
yfcc-5136072764,Flickr-yfcc26k,"[32.07281, 34.770162]",-1
yfcc-453121987,Flickr-yfcc26k,"[39.416087, -77.415772]",-1
yfcc-12714152683,Flickr-yfcc26k,"[36.758415, 139.598808]",-1
yfcc-3891869469,Flickr-yfcc26k,"[39.909374, 116.471493]",-1
yfcc-7174842037,Flickr-yfcc26k,"[24.774996, 110.486755]",-1
yfcc-5131494815,Flickr-yfcc26k,"[22.988422, 120.214633]",-1
yfcc-325392247,Flickr-yfcc26k,"[47.444023, 10.990018]",-1
yfcc-4185259785,Flickr-yfcc26k,"[38.897467, -77.023985]",-1
yfcc-5733304253,Flickr-yfcc26k,"[-1.685042, 101.417884]",-1
yfcc-8833761260,Flickr-yfcc26k,"[42.880386, -8.545979]",-1
yfcc-4012202629,Flickr-yfcc26k,"[40.771409, -73.976815]",-1
yfcc-8731213407,Flickr-yfcc26k,"[50.92035, 14.26712]",-1
yfcc-4122609659,Flickr-yfcc26k,"[27.531487, -82.628442]",-1
yfcc-2657523317,Flickr-yfcc26k,"[2.902238, 101.678123]",-1
yfcc-393048108,Flickr-yfcc26k,"[1.293873, 103.857192]",-1
yfcc-3491269768,Flickr-yfcc26k,"[18.782294, 99.00133]",-1
yfcc-8788712104,Flickr-yfcc26k,"[38.895992, -77.017614]",-1
yfcc-4827694508,Flickr-yfcc26k,"[43.77922, 4.833726]",-1
yfcc-8443767742,Flickr-yfcc26k,"[44.94846, -93.305883]",-1
yfcc-2321152144,Flickr-yfcc26k,"[55.037417, 82.905921]",-1
yfcc-2401651576,Flickr-yfcc26k,"[34.300904, 132.32294]",-1
yfcc-6779719291,Flickr-yfcc26k,"[25.047377, 121.50743]",-1
yfcc-8048536337,Flickr-yfcc26k,"[41.96651, -88.048038]",-1
yfcc-2658419148,Flickr-yfcc26k,"[2.198013, 102.246837]",-1
yfcc-192185330,Flickr-yfcc26k,"[40.827189, -73.92728]",-1
yfcc-204004897,Flickr-yfcc26k,"[41.416132, 2.151582]",-1
yfcc-10142038813,Flickr-yfcc26k,"[43.368049, -8.402944]",-1
yfcc-5998016760,Flickr-yfcc26k,"[25.172009, 121.656589]",-1
yfcc-498279356,Flickr-yfcc26k,"[48.863042, 2.345387]",-1
yfcc-162863290,Flickr-yfcc26k,"[48.861101, 2.335968]",-1
yfcc-2694726216,Flickr-yfcc26k,"[40.704513, -73.99028]",-1
yfcc-3093068542,Flickr-yfcc26k,"[34.272183, 108.899402]",-1
yfcc-6427844673,Flickr-yfcc26k,"[53.561125, 9.954128]",-1
yfcc-5975143553,Flickr-yfcc26k,"[45.86246, 8.464879]",-1
yfcc-1245625542,Flickr-yfcc26k,"[25.275745, 121.482696]",-1
yfcc-105942064,Flickr-yfcc26k,"[33.501466, 126.533317]",-1
yfcc-87603870,Flickr-yfcc26k,"[-33.92342, 18.458404]",-1
yfcc-8552892174,Flickr-yfcc26k,"[53.07193, 8.82792]",-1
yfcc-14372010,Flickr-yfcc26k,"[40.748829, 14.488418]",-1
yfcc-3239097412,Flickr-yfcc26k,"[48.209166, 16.368666]",-1
yfcc-5123939078,Flickr-yfcc26k,"[31.214856, 121.506643]",-1
yfcc-8996526755,Flickr-yfcc26k,"[36.566633, 137.650322]",-1
yfcc-3858951022,Flickr-yfcc26k,"[28.36344, -81.553487]",-1
yfcc-2070098562,Flickr-yfcc26k,"[25.744472, -80.210527]",-1
yfcc-129409937,Flickr-yfcc26k,"[14.558247, -90.734367]",-1
yfcc-249037451,Flickr-yfcc26k,"[42.696693, 23.325262]",-1
yfcc-356472264,Flickr-yfcc26k,"[33.99333, -116.071243]",-1
yfcc-8274450831,Flickr-yfcc26k,"[17.013126, 99.816627]",-1
yfcc-491503710,Flickr-yfcc26k,"[40.36695, 18.165893]",-1
yfcc-8368649762,Flickr-yfcc26k,"[49.946635, 15.263593]",-1
yfcc-3881805795,Flickr-yfcc26k,"[-23.552982, -46.616159]",-1
yfcc-4292560756,Flickr-yfcc26k,"[34.102601, -118.340091]",-1
yfcc-3085433029,Flickr-yfcc26k,"[40.750711, -73.98807]",-1
yfcc-5909213724,Flickr-yfcc26k,"[38.743055, -109.566178]",-1
yfcc-8315509448,Flickr-yfcc26k,"[34.421903, -118.598334]",-1
yfcc-424866063,Flickr-yfcc26k,"[37.804998, -122.271823]",-1
yfcc-467879389,Flickr-yfcc26k,"[39.996059, -75.135498]",-1
yfcc-5404476958,Flickr-yfcc26k,"[37.784443, -122.407779]",-1
yfcc-5796375126,Flickr-yfcc26k,"[41.896638, 12.486991]",-1
yfcc-5744060099,Flickr-yfcc26k,"[38.345459, -0.487003]",-1
yfcc-4450053996,Flickr-yfcc26k,"[34.101668, -118.327249]",-1
yfcc-3107309438,Flickr-yfcc26k,"[40.763023, -74.001739]",-1
yfcc-122559947,Flickr-yfcc26k,"[43.727692, 12.634277]",-1
yfcc-8088455994,Flickr-yfcc26k,"[55.692686, 12.598966]",-1
yfcc-2901075604,Flickr-yfcc26k,"[40.578392, -73.565955]",-1
yfcc-2285096134,Flickr-yfcc26k,"[40.735291, -73.993263]",-1
yfcc-8372905125,Flickr-yfcc26k,"[51.473264, -3.203512]",-1
yfcc-316719912,Flickr-yfcc26k,"[40.722542, -74.000473]",-1
yfcc-4568227448,Flickr-yfcc26k,"[54.771008, -1.576925]",-1
yfcc-4794484965,Flickr-yfcc26k,"[38.705137, -9.156503]",-1
yfcc-427836902,Flickr-yfcc26k,"[40.779777, -73.969756]",-1
yfcc-8342856741,Flickr-yfcc26k,"[41.114203, -74.110673]",-1
yfcc-4859115071,Flickr-yfcc26k,"[37.810833, -122.476834]",-1
yfcc-12246783313,Flickr-yfcc26k,"[36.122227, -115.171159]",-1
yfcc-3285397592,Flickr-yfcc26k,"[37.795148, -122.394931]",-1
yfcc-8276295639,Flickr-yfcc26k,"[48.85583, 2.348455]",-1
yfcc-8097524059,Flickr-yfcc26k,"[-13.932584, -38.930523]",-1
yfcc-3286282738,Flickr-yfcc26k,"[37.794664, -122.394894]",-1
yfcc-7521123428,Flickr-yfcc26k,"[35.726602, 139.876927]",-1
yfcc-2468442495,Flickr-yfcc26k,"[36.112169, -115.173022]",-1
yfcc-8137959873,Flickr-yfcc26k,"[27.174951, 78.042991]",-1
yfcc-6331592414,Flickr-yfcc26k,"[41.897613, 12.498407]",-1
yfcc-7459518468,Flickr-yfcc26k,"[54.604373, -5.832399]",-1
yfcc-3247860886,Flickr-yfcc26k,"[50.735562, -3.53271]",-1
yfcc-8421263721,Flickr-yfcc26k,"[-33.417866, -70.605418]",-1
yfcc-8168556778,Flickr-yfcc26k,"[34.995726, 135.782582]",-1
yfcc-11877360873,Flickr-yfcc26k,"[19.573122, -72.24315]",-1
yfcc-3437788035,Flickr-yfcc26k,"[41.680156, 13.574284]",-1
yfcc-6094347576,Flickr-yfcc26k,"[46.886008, 11.081085]",-1
yfcc-7658341676,Flickr-yfcc26k,"[40.714492, -74.002307]",-1
yfcc-6775157589,Flickr-yfcc26k,"[17.499228, 78.541832]",-1
yfcc-7610267944,Flickr-yfcc26k,"[50.826866, 4.371078]",-1
yfcc-9298901388,Flickr-yfcc26k,"[41.879, -87.635833]",-1
yfcc-415573385,Flickr-yfcc26k,"[5.563878, -0.190887]",-1
yfcc-2711336662,Flickr-yfcc26k,"[17.88082, 102.737274]",-1
yfcc-5370915569,Flickr-yfcc26k,"[1.299611, 103.844919]",-1
yfcc-2581830191,Flickr-yfcc26k,"[-2.210621, -79.886398]",-1
yfcc-5893302821,Flickr-yfcc26k,"[60.426055, -151.287231]",-1
yfcc-2594589119,Flickr-yfcc26k,"[52.159506, 4.487657]",-1
yfcc-8479890232,Flickr-yfcc26k,"[42.699299, 0.932199]",-1
yfcc-251877645,Flickr-yfcc26k,"[45.572438, -122.087566]",-1
yfcc-4745840637,Flickr-yfcc26k,"[35.697666, 139.412666]",-1
yfcc-4874241461,Flickr-yfcc26k,"[37.809656, -122.426571]",-1
yfcc-335152854,Flickr-yfcc26k,"[51.508936, -0.094124]",-1
yfcc-530299916,Flickr-yfcc26k,"[36.679089, 15.122766]",-1
yfcc-5079034447,Flickr-yfcc26k,"[22.509107, 88.335056]",-1
yfcc-8091675417,Flickr-yfcc26k,"[41.049, 28.994166]",-1
yfcc-3635455945,Flickr-yfcc26k,"[29.006338, -13.743209]",-1
yfcc-329001094,Flickr-yfcc26k,"[51.497322, -0.172326]",-1
yfcc-2964967589,Flickr-yfcc26k,"[56.939016, -2.199153]",-1
yfcc-748585499,Flickr-yfcc26k,"[51.501075, -0.127104]",-1
yfcc-5627647766,Flickr-yfcc26k,"[41.392779, 2.162933]",-1
yfcc-2088763517,Flickr-yfcc26k,"[25.041437, 121.439952]",-1
yfcc-6808657841,Flickr-yfcc26k,"[60.17072, 24.941711]",-1
yfcc-4779409052,Flickr-yfcc26k,"[41.865138, -87.614545]",-1
yfcc-4582366166,Flickr-yfcc26k,"[-23.528421, -46.630611]",1
yfcc-682744340,Flickr-yfcc26k,"[46.527187, -123.839006]",1
yfcc-474519771,Flickr-yfcc26k,"[-1.504473, 29.627294]",1
yfcc-7520070486,Flickr-yfcc26k,"[42.877206, -78.879003]",1
yfcc-4744212239,Flickr-yfcc26k,"[53.701497, -6.491958]",1
yfcc-4282352331,Flickr-yfcc26k,"[49.2803, -123.09745]",1
yfcc-226906095,Flickr-yfcc26k,"[35.679609, 139.751586]",1
yfcc-32633215,Flickr-yfcc26k,"[52.048426, -2.384204]",1
yfcc-5968199926,Flickr-yfcc26k,"[-12.443952, -38.748779]",1
yfcc-5402766188,Flickr-yfcc26k,"[32.746433, -97.326362]",1
yfcc-3974322793,Flickr-yfcc26k,"[38.741333, -75.082]",1
yfcc-4201943167,Flickr-yfcc26k,"[9.945444, -84.726047]",1
yfcc-3377833393,Flickr-yfcc26k,"[43.597797, 1.429252]",1
yfcc-822984583,Flickr-yfcc26k,"[50.752965, -2.302494]",1
yfcc-5712588682,Flickr-yfcc26k,"[45.474562, 12.274432]",1
yfcc-2137593024,Flickr-yfcc26k,"[22.139155, -159.559807]",1
yfcc-2942731057,Flickr-yfcc26k,"[43.970607, -121.346519]",1
yfcc-7285417644,Flickr-yfcc26k,"[51.115862, 0.581374]",1
yfcc-3652739314,Flickr-yfcc26k,"[-8.097301, 115.249329]",1
yfcc-12403641564,Flickr-yfcc26k,"[33.948094, -118.390131]",1
yfcc-37835900,Flickr-yfcc26k,"[43.92137, 4.78594]",1
yfcc-8687877684,Flickr-yfcc26k,"[42.354116, -71.069913]",1
yfcc-260406622,Flickr-yfcc26k,"[48.868723, 2.321033]",1
yfcc-1668535556,Flickr-yfcc26k,"[37.222093, -121.983904]",1
yfcc-516142073,Flickr-yfcc26k,"[53.275363, -9.082732]",1
yfcc-302672142,Flickr-yfcc26k,"[-43.514696, 172.62268]",1
yfcc-9309870009,Flickr-yfcc26k,"[51.569854, 4.636917]",1
yfcc-7472383116,Flickr-yfcc26k,"[53.752666, -2.697167]",1
im2gps3k-1439764921,Flickr-im2gps3k,"[36.859948, -75.978484]",0
im2gps3k-170164345,Flickr-im2gps3k,"[38.34933, -75.070438]",0
im2gps3k-247024863,Flickr-im2gps3k,"[39.93935, 116.391841]",0
im2gps3k-265352838,Flickr-im2gps3k,"[32.845269, -117.273988]",0
im2gps3k-324342504,Flickr-im2gps3k,"[31.238637, 121.448364]",0
im2gps3k-391845821,Flickr-im2gps3k,"[49.34411, -123.018078]",0
im2gps3k-446961808,Flickr-im2gps3k,"[-13.524847, -71.973323]",0
im2gps3k-499799081,Flickr-im2gps3k,"[31.776683, 35.23428]",0
im2gps3k-94108900,Flickr-im2gps3k,"[36.820278, 138.946838]",0
im2gps3k-97344146,Flickr-im2gps3k,"[41.395354, 2.169113]",0
im2gps3k-1242046453,Flickr-im2gps3k,"[10.573547, 103.553009]",-1
im2gps3k-1289357310,Flickr-im2gps3k,"[30.050447, 31.235675]",-1
im2gps3k-1301398204,Flickr-im2gps3k,"[48.854875, 2.347383]",-1
im2gps3k-1386768513,Flickr-im2gps3k,"[48.852863, 2.339122]",-1
im2gps3k-1388076875,Flickr-im2gps3k,"[51.480941, -3.182559]",-1
im2gps3k-174479269,Flickr-im2gps3k,"[48.798722, 9.192466]",-1
im2gps3k-175835676,Flickr-im2gps3k,"[52.357243, 4.882017]",-1
im2gps3k-219433381,Flickr-im2gps3k,"[37.390618, -5.986175]",-1
im2gps3k-257602406,Flickr-im2gps3k,"[42.345001, -71.063024]",-1
im2gps3k-285969802,Flickr-im2gps3k,"[40.742396, -73.997898]",-1
im2gps3k-305488237,Flickr-im2gps3k,"[40.741014, -73.998413]",-1
im2gps3k-311141742,Flickr-im2gps3k,"[37.578596, 126.976547]",-1
im2gps3k-311861136,Flickr-im2gps3k,"[31.303635, 120.610399]",-1
im2gps3k-31700873,Flickr-im2gps3k,"[34.68808, 135.839852]",-1
im2gps3k-329033253,Flickr-im2gps3k,"[45.652208, 13.772263]",-1
im2gps3k-352380518,Flickr-im2gps3k,"[35.985368, -111.960811]",-1
im2gps3k-369711791,Flickr-im2gps3k,"[42.880681, -8.544616]",-1
im2gps3k-379604236,Flickr-im2gps3k,"[43.323538, -1.98522]",-1
im2gps3k-390524954,Flickr-im2gps3k,"[59.910775, 10.731888]",-1
im2gps3k-39672922,Flickr-im2gps3k,"[45.444114, 10.987873]",-1
im2gps3k-436259306,Flickr-im2gps3k,"[39.937908, 116.398086]",-1
im2gps3k-446995789,Flickr-im2gps3k,"[-13.507823, -71.98637]",-1
im2gps3k-480372482,Flickr-im2gps3k,"[45.46527, 9.189924]",-1
im2gps3k-486640035,Flickr-im2gps3k,"[37.389024, -5.994071]",-1
im2gps3k-496664918,Flickr-im2gps3k,"[40.76785, -73.971483]",-1
im2gps3k-522146989,Flickr-im2gps3k,"[50.941271, 6.956588]",-1
im2gps3k-523184139,Flickr-im2gps3k,"[48.884867, 2.342507]",-1
im2gps3k-532386352,Flickr-im2gps3k,"[20.881077, -156.545133]",-1
im2gps3k-628184053,Flickr-im2gps3k,"[64.71733, -18.055343]",-1
im2gps3k-683194672,Flickr-im2gps3k,"[35.392408, 139.53967]",-1
im2gps3k-72918630,Flickr-im2gps3k,"[55.747888, 37.632293]",-1
im2gps3k-755493174,Flickr-im2gps3k,"[41.949013, -87.654713]",-1
im2gps3k-756531584,Flickr-im2gps3k,"[37.746353, -119.530788]",-1
im2gps3k-981399894,Flickr-im2gps3k,"[52.516442, 13.393943]",-1
im2gps3k-109444762,Flickr-im2gps3k,"[32.759562, -117.180175]",1
im2gps3k-260660602,Flickr-im2gps3k,"[26.096563, 119.288091]",1
im2gps3k-266092150,Flickr-im2gps3k,"[49.69917, 6.391296]",1
im2gps3k-345199822,Flickr-im2gps3k,"[12.653068, -7.987232]",1
im2gps3k-515336129,Flickr-im2gps3k,"[-8.522286, 115.264606]",1
im2gps3k-88585744,Flickr-im2gps3k,"[14.65426, 40.98278]",1
gptgeochat-109970657,ShutterStock-GPTGeoChat,"[24.55921247044573, -81.80520256601086]",0
gptgeochat-1151492183,ShutterStock-GPTGeoChat,"[43.644059561578246, -79.3844110289177]",0
gptgeochat-1161312523,ShutterStock-GPTGeoChat,"[48.149837236976644, 11.59771117809145]",0
gptgeochat-1168369,ShutterStock-GPTGeoChat,"[19.640112356625874, -155.996557914434]",0
gptgeochat-118749832,ShutterStock-GPTGeoChat,"[38.204731141064514, -85.77030271698467]",0
gptgeochat-1247684770,ShutterStock-GPTGeoChat,"[39.96518007709406, -75.17925931792665]",0
gptgeochat-1311110234,ShutterStock-GPTGeoChat,"[40.71453007825013, -74.00296051648697]",0
gptgeochat-133676465,ShutterStock-GPTGeoChat,"[42.09117422815278, -71.26433991306871]",0
gptgeochat-134558465,ShutterStock-GPTGeoChat,"[45.43392681566678, 12.339176337602112]",0
gptgeochat-1350523139,ShutterStock-GPTGeoChat,"[40.415232, -3.70763]",0
gptgeochat-1366288136,ShutterStock-GPTGeoChat,"[49.893405820149184, -97.14341836999387]",0
gptgeochat-138298187,ShutterStock-GPTGeoChat,"[44.81799494701356, 20.45891444914705]",0
gptgeochat-1447042130,ShutterStock-GPTGeoChat,"[49.841695032882775, 24.034069504763494]",0
gptgeochat-1469215985,ShutterStock-GPTGeoChat,"[51.505481, -0.090417]",0
gptgeochat-1482561002,ShutterStock-GPTGeoChat,"[40.730497, -74.002084]",0
gptgeochat-1620904735,ShutterStock-GPTGeoChat,"[41.38208143737302, 2.169619554854664]",0
gptgeochat-1799722168,ShutterStock-GPTGeoChat,"[33.95890591789121, -83.37435146933637]",0
gptgeochat-1837873024,ShutterStock-GPTGeoChat,"[53.340984937192815, -6.260644020055168]",0
gptgeochat-1908915871,ShutterStock-GPTGeoChat,"[14.556506749591499, -90.7353007274043]",0
gptgeochat-198333455,ShutterStock-GPTGeoChat,"[51.51031808775388, 0.03645170910893341]",0
gptgeochat-1997018249,ShutterStock-GPTGeoChat,"[42.700711989524, -74.92575542910903]",0
gptgeochat-202283887,ShutterStock-GPTGeoChat,"[40.71857951995781, -73.99758376852763]",0
gptgeochat-2160612375,ShutterStock-GPTGeoChat,"[38.11301297572817, 13.359350525425567]",0
gptgeochat-2160998447,ShutterStock-GPTGeoChat,"[10.425240061021467, -75.55213576919472]",0
gptgeochat-2162298511,ShutterStock-GPTGeoChat,"[-34.61902920479165, -58.37163942258764]",0
gptgeochat-2164303169,ShutterStock-GPTGeoChat,"[-23.56050889457745, -46.65369327093304]",0
gptgeochat-2212420057,ShutterStock-GPTGeoChat,"[40.75777379590682, -73.99856285262484]",0
gptgeochat-2275354297,ShutterStock-GPTGeoChat,"[47.05236855661074, 8.30513378808165]",0
gptgeochat-2313146545,ShutterStock-GPTGeoChat,"[48.20507171445583, 16.370923213628465]",0
gptgeochat-23700724,ShutterStock-GPTGeoChat,"[33.98509688938028, -118.47312851419184]",0
gptgeochat-2378186027,ShutterStock-GPTGeoChat,"[38.889822, -77.005708]",0
gptgeochat-2392301913,ShutterStock-GPTGeoChat,"[47.37707561097073, 8.539932677095324]",0
gptgeochat-248174974,ShutterStock-GPTGeoChat,"[50.93757132238835, 6.9601979456496945]",0
gptgeochat-274103396,ShutterStock-GPTGeoChat,"[29.42717201885424, -98.49270542147859]",0
gptgeochat-308869064,ShutterStock-GPTGeoChat,"[42.36351575797711, -71.05464839053168]",0
gptgeochat-311106650,ShutterStock-GPTGeoChat,"[40.750562563443644, -73.845139750536]",0
gptgeochat-3674663,ShutterStock-GPTGeoChat,"[42.357495002938784, -71.07264747725515]",0
gptgeochat-391058833,ShutterStock-GPTGeoChat,"[-31.955151634875797, 115.85871831009426]",0
gptgeochat-411421981,ShutterStock-GPTGeoChat,"[35.659617115495, 139.70126233871864]",0
gptgeochat-415659511,ShutterStock-GPTGeoChat,"[33.76528424867965, -84.3494404232044]",0
gptgeochat-435513232,ShutterStock-GPTGeoChat,"[50.05952186632875, 19.939178746061014]",0
gptgeochat-491622043,ShutterStock-GPTGeoChat,"[47.6028366357076, -122.33079829132426]",0
gptgeochat-515719687,ShutterStock-GPTGeoChat,"[40.686551312708666, -73.97921589950724]",0
gptgeochat-523201795,ShutterStock-GPTGeoChat,"[48.585604402665346, 7.75618813519961]",0
gptgeochat-630524756,ShutterStock-GPTGeoChat,"[40.77477593230998, -73.96856551948909]",0
gptgeochat-66072715,ShutterStock-GPTGeoChat,"[40.75212474514571, -73.98755437514235]",0
gptgeochat-703281619,ShutterStock-GPTGeoChat,"[43.27279310080613, 6.639743310346271]",0
gptgeochat-704665585,ShutterStock-GPTGeoChat,"[34.05039507997116, -118.23933266762296]",0
gptgeochat-79403914,ShutterStock-GPTGeoChat,"[51.541491663031344, -0.1465127243841857]",0
gptgeochat-99614963,ShutterStock-GPTGeoChat,"[53.340032523927086, -6.260536365395161]",0
yfcc-10177238854,Flickr-yfcc_openai_train,"[41.880736, -87.636262]",1
yfcc-10597323243,Flickr-yfcc_openai_train,"[35.369735, 24.473011]",1
yfcc-108375795,Flickr-yfcc_openai_train,"[53.871963, -2.403945]",1
yfcc-130376932,Flickr-yfcc_openai_train,"[53.736185, -2.960987]",1
yfcc-135880415,Flickr-yfcc_openai_train,"[29.984304, -90.081539]",1
yfcc-13961417365,Flickr-yfcc_openai_train,"[40.760688, -111.875825]",1
yfcc-15396757,Flickr-yfcc_openai_train,"[41.922692, -87.63471]",1
yfcc-187770948,Flickr-yfcc_openai_train,"[54.138255, -114.75048]",1
yfcc-196487837,Flickr-yfcc_openai_train,"[48.013432, -122.10057]",1
yfcc-1967887868,Flickr-yfcc_openai_train,"[51.489814, -0.06582099999999999]",1
yfcc-2239050,Flickr-yfcc_openai_train,"[42.567371, -88.552883]",1
yfcc-234340154,Flickr-yfcc_openai_train,"[34.138235, -118.35288]",1
yfcc-2363088817,Flickr-yfcc_openai_train,"[53.509693, -2.46849]",1
yfcc-2424962363,Flickr-yfcc_openai_train,"[52.338944, 9.351146]",1
yfcc-2439247248,Flickr-yfcc_openai_train,"[39.882308, 116.406317]",1
yfcc-2576116311,Flickr-yfcc_openai_train,"[35.682252, 139.744683]",1
yfcc-2605794078,Flickr-yfcc_openai_train,"[51.454471, -0.24806099999999998]",1
yfcc-2658810860,Flickr-yfcc_openai_train,"[43.205166, 140.998666]",1
yfcc-2818005209,Flickr-yfcc_openai_train,"[34.062952, -118.358057]",1
yfcc-2965508783,Flickr-yfcc_openai_train,"[-13.520561, -71.985683]",1
yfcc-3066894737,Flickr-yfcc_openai_train,"[47.611223, -122.336776]",1
yfcc-3081675111,Flickr-yfcc_openai_train,"[-37.560091, 143.8694]",1
yfcc-3274849583,Flickr-yfcc_openai_train,"[-6.918311, 107.672812]",1
yfcc-33048881,Flickr-yfcc_openai_train,"[45.433635, 12.334556]",1
yfcc-3362042288,Flickr-yfcc_openai_train,"[29.425824, -98.486734]",1
yfcc-3467612505,Flickr-yfcc_openai_train,"[12.9885, 77.581329]",1
yfcc-3543571759,Flickr-yfcc_openai_train,"[37.779166, -122.418667]",1
yfcc-3586868061,Flickr-yfcc_openai_train,"[54.971478, -1.596196]",1
yfcc-3600653700,Flickr-yfcc_openai_train,"[22.262915, 114.188632]",1
yfcc-3633832363,Flickr-yfcc_openai_train,"[35.473008, -86.049385]",1
yfcc-3779636024,Flickr-yfcc_openai_train,"[37.252057, -85.892486]",1
yfcc-3820459259,Flickr-yfcc_openai_train,"[51.9727, 10.1472]",1
yfcc-3877237363,Flickr-yfcc_openai_train,"[51.350811, -0.256891]",1
yfcc-4024990378,Flickr-yfcc_openai_train,"[33.08559, -117.268415]",1
yfcc-4088765415,Flickr-yfcc_openai_train,"[51.91548, 4.473071]",1
yfcc-4096197838,Flickr-yfcc_openai_train,"[37.954666, -91.776167]",1
yfcc-4156242204,Flickr-yfcc_openai_train,"[37.779393999999996, -122.41869]",1
yfcc-416529375,Flickr-yfcc_openai_train,"[50.078693, 14.467116]",1
yfcc-417678120,Flickr-yfcc_openai_train,"[55.933679, -3.113808]",1
yfcc-4190557835,Flickr-yfcc_openai_train,"[55.676595, 12.577629]",1
yfcc-4219751838,Flickr-yfcc_openai_train,"[22.339168, 114.204801]",1
yfcc-424195790,Flickr-yfcc_openai_train,"[50.113385, -122.956114]",1
yfcc-4268908667,Flickr-yfcc_openai_train,"[43.480008, -110.761837]",1
yfcc-4282790530,Flickr-yfcc_openai_train,"[41.78602, -87.601028]",1
yfcc-434470717,Flickr-yfcc_openai_train,"[40.761252, -73.977352]",1
yfcc-4384713696,Flickr-yfcc_openai_train,"[52.206002, 0.149152]",1
yfcc-443797756,Flickr-yfcc_openai_train,"[51.519452, -0.072956]",1
yfcc-4477529682,Flickr-yfcc_openai_train,"[47.620425, -122.349092]",1
yfcc-449421558,Flickr-yfcc_openai_train,"[-26.496155, 31.376094]",1
yfcc-4571896781,Flickr-yfcc_openai_train,"[12.969358, 77.585792]",1
yfcc-4591382473,Flickr-yfcc_openai_train,"[34.123102, -118.214457]",1
yfcc-461874321,Flickr-yfcc_openai_train,"[50.925436, -1.200428]",1
yfcc-4711748355,Flickr-yfcc_openai_train,"[56.154669, 10.206856]",1
yfcc-4800898,Flickr-yfcc_openai_train,"[53.750233, -2.500076]",1
yfcc-4866420892,Flickr-yfcc_openai_train,"[52.396186, 0.270409]",1
yfcc-5203357138,Flickr-yfcc_openai_train,"[41.879458, -87.700967]",1
yfcc-5406733363,Flickr-yfcc_openai_train,"[38.712555, -9.132476]",1
yfcc-5496847361,Flickr-yfcc_openai_train,"[26.239333, 50.5795]",1
yfcc-5561824770,Flickr-yfcc_openai_train,"[51.506338, -0.156571]",1
yfcc-5587417240,Flickr-yfcc_openai_train,"[39.06879, -108.564453]",1
yfcc-5736508722,Flickr-yfcc_openai_train,"[35.661663, 139.702631]",1
yfcc-5925103165,Flickr-yfcc_openai_train,"[59.325237, 18.069162]",1
yfcc-6096012842,Flickr-yfcc_openai_train,"[39.039215, -92.510713]",1
yfcc-614327030,Flickr-yfcc_openai_train,"[50.083175, 14.430263]",1
yfcc-6163452230,Flickr-yfcc_openai_train,"[27.480062, 89.699764]",1
yfcc-6182871234,Flickr-yfcc_openai_train,"[24.630682, -82.922379]",1
yfcc-6185914810,Flickr-yfcc_openai_train,"[51.526187, -0.058933]",1
yfcc-6207721406,Flickr-yfcc_openai_train,"[31.244507, 121.464843]",1
yfcc-62424418,Flickr-yfcc_openai_train,"[19.426033, -155.232557]",1
yfcc-6820713503,Flickr-yfcc_openai_train,"[38.901963, -77.033504]",1
yfcc-6874150535,Flickr-yfcc_openai_train,"[45.516602, -122.686294]",1
yfcc-7009652587,Flickr-yfcc_openai_train,"[38.887216, -77.014439]",1
yfcc-701664977,Flickr-yfcc_openai_train,"[37.603815, -122.495595]",1
yfcc-7083727967,Flickr-yfcc_openai_train,"[23.139097, -82.372398]",1
yfcc-7116772841,Flickr-yfcc_openai_train,"[51.464455, -0.6520659999999999]",1
yfcc-7179771831,Flickr-yfcc_openai_train,"[38.91272, -77.040692]",1
yfcc-7391261220,Flickr-yfcc_openai_train,"[41.312629, -89.01741]",1
yfcc-7487735678,Flickr-yfcc_openai_train,"[42.360492, -71.087262]",1
yfcc-7573995136,Flickr-yfcc_openai_train,"[52.258833, 12.929833]",1
yfcc-7590140652,Flickr-yfcc_openai_train,"[27.687632, 85.314502]",1
yfcc-7696053062,Flickr-yfcc_openai_train,"[34.88593, 137.90039]",1
yfcc-7712325794,Flickr-yfcc_openai_train,"[51.533509, -0.048773]",1
yfcc-8010095667,Flickr-yfcc_openai_train,"[40.768118, -73.981912]",1
yfcc-8031615992,Flickr-yfcc_openai_train,"[34.620166, -98.4565]",1
yfcc-8314526756,Flickr-yfcc_openai_train,"[38.890381, -77.036283]",1
yfcc-8385400242,Flickr-yfcc_openai_train,"[-32.04535, 115.817027]",1
yfcc-8411714338,Flickr-yfcc_openai_train,"[38.896677, -77.031916]",1
yfcc-8436487419,Flickr-yfcc_openai_train,"[38.889847, -77.014868]",1
yfcc-8538673150,Flickr-yfcc_openai_train,"[37.793166, -122.395167]",1
yfcc-8572723158,Flickr-yfcc_openai_train,"[37.796268, 14.107589]",1
yfcc-8596096619,Flickr-yfcc_openai_train,"[38.89061, -77.005974]",1
yfcc-8681842738,Flickr-yfcc_openai_train,"[32.202736, 35.270813]",1
yfcc-8716368962,Flickr-yfcc_openai_train,"[48.84754, 2.374827]",1
yfcc-9126278617,Flickr-yfcc_openai_train,"[44.978576, -93.175947]",1
yfcc-9131289770,Flickr-yfcc_openai_train,"[38.890481, -77.00621]",1
yfcc-9137170773,Flickr-yfcc_openai_train,"[44.980199, -93.173111]",1
yfcc-9533274888,Flickr-yfcc_openai_train,"[53.552317, 10.005455]",1
yfcc-9638544720,Flickr-yfcc_openai_train,"[40.018333, -105.278]",1
yfcc-96393465,Flickr-yfcc_openai_train,"[51.532668, -0.115356]",1
yfcc-97234203,Flickr-yfcc_openai_train,"[22.539512, 88.320121]",1
